CREATE DATABASE  IF NOT EXISTS `phonesellingweb` /*!40100 DEFAULT CHARACTER SET utf8mb4 COLLATE utf8mb4_0900_ai_ci */ /*!80016 DEFAULT ENCRYPTION='N' */;
USE `phonesellingweb`;
-- MySQL dump 10.13  Distrib 8.0.22, for Win64 (x86_64)
--
-- Host: 127.0.0.1    Database: phonesellingweb
-- ------------------------------------------------------
-- Server version	8.0.22

/*!40101 SET @OLD_CHARACTER_SET_CLIENT=@@CHARACTER_SET_CLIENT */;
/*!40101 SET @OLD_CHARACTER_SET_RESULTS=@@CHARACTER_SET_RESULTS */;
/*!40101 SET @OLD_COLLATION_CONNECTION=@@COLLATION_CONNECTION */;
/*!50503 SET NAMES utf8 */;
/*!40103 SET @OLD_TIME_ZONE=@@TIME_ZONE */;
/*!40103 SET TIME_ZONE='+00:00' */;
/*!40014 SET @OLD_UNIQUE_CHECKS=@@UNIQUE_CHECKS, UNIQUE_CHECKS=0 */;
/*!40014 SET @OLD_FOREIGN_KEY_CHECKS=@@FOREIGN_KEY_CHECKS, FOREIGN_KEY_CHECKS=0 */;
/*!40101 SET @OLD_SQL_MODE=@@SQL_MODE, SQL_MODE='NO_AUTO_VALUE_ON_ZERO' */;
/*!40111 SET @OLD_SQL_NOTES=@@SQL_NOTES, SQL_NOTES=0 */;

--
-- Table structure for table `banner`
--

DROP TABLE IF EXISTS `banner`;
/*!40101 SET @saved_cs_client     = @@character_set_client */;
/*!50503 SET character_set_client = utf8mb4 */;
CREATE TABLE `banner` (
  `id` int NOT NULL AUTO_INCREMENT,
  `image_url` varchar(200) DEFAULT NULL,
  `anchor_url` varchar(200) DEFAULT NULL,
  `title` varchar(100) DEFAULT NULL,
  `position` varchar(45) DEFAULT NULL,
  PRIMARY KEY (`id`)
) ENGINE=InnoDB AUTO_INCREMENT=6 DEFAULT CHARSET=utf8mb4 COLLATE=utf8mb4_0900_ai_ci;
/*!40101 SET character_set_client = @saved_cs_client */;

--
-- Dumping data for table `banner`
--

LOCK TABLES `banner` WRITE;
/*!40000 ALTER TABLE `banner` DISABLE KEYS */;
INSERT INTO `banner` VALUES (1,'https://cdn.tgdd.vn/2021/06/banner/bannerdt-340x340-3.jpg',NULL,NULL,'POST_SIDE'),(2,'https://cdn.tgdd.vn/2021/06/banner/samsung-390-210-390x210-2.png','/hang-dt/samsung.1','Chuyên trang Samsung','PRODUCT_SIDE'),(3,'https://cdn.tgdd.vn/2021/06/banner/DT-390x210-2.png','/hang-dt/apple.2','Chuyên trang Apple','PRODUCT_SIDE'),(4,'https://fptshop.com.vn/Uploads/Originals/2021/6/21/637599142542702040_F-H2_385x100@2x.png',NULL,NULL,'POST_BOTTOM'),(5,'https://fptshop.com.vn/Uploads/Originals/2021/6/21/637599142542702040_F-H2_385x100@2x.png',NULL,NULL,'PRODUCT_BOTTOM');
/*!40000 ALTER TABLE `banner` ENABLE KEYS */;
UNLOCK TABLES;

--
-- Table structure for table `bill`
--

DROP TABLE IF EXISTS `bill`;
/*!40101 SET @saved_cs_client     = @@character_set_client */;
/*!50503 SET character_set_client = utf8mb4 */;
CREATE TABLE `bill` (
  `id` int NOT NULL AUTO_INCREMENT,
  `user_id` int NOT NULL,
  `total_money` decimal(19,4) DEFAULT NULL,
  `total_quantity` int DEFAULT NULL,
  `create_at` datetime DEFAULT NULL,
  `status` varchar(20) DEFAULT NULL,
  `note` varchar(100) DEFAULT NULL,
  `custom_address` varchar(200) DEFAULT NULL,
  `custom_phone` varchar(20) DEFAULT NULL,
  `done` tinyint DEFAULT '0',
  PRIMARY KEY (`id`),
  KEY `FK_bill_user_idx` (`user_id`),
  CONSTRAINT `FK_bill_user` FOREIGN KEY (`user_id`) REFERENCES `user` (`id`)
) ENGINE=InnoDB AUTO_INCREMENT=27 DEFAULT CHARSET=utf8mb4 COLLATE=utf8mb4_0900_ai_ci;
/*!40101 SET character_set_client = @saved_cs_client */;

--
-- Dumping data for table `bill`
--

LOCK TABLES `bill` WRITE;
/*!40000 ALTER TABLE `bill` DISABLE KEYS */;
INSERT INTO `bill` VALUES (19,1,2370000.0000,1,'2021-06-09 03:13:27','Đã xác nhận','giao vào giờ hành chính.\r\nđã gửi đi VNPOST','10 Ngõ 30 Tạ Quang Bửu, Bách Khoa, quận Hai bà Trưng, Thành phố Hà Nội','0399180808',1),(20,1,2370000.0000,1,'2021-06-09 03:14:34','0','gọi trước khi giao','10 Ngõ 30 Tạ Quang Bửu, Bách Khoa, quận Hai bà Trưng, Thành phố Hà Nội','0399180808',1),(21,1,2370000.0000,1,'2021-06-09 03:16:00','Chưa xác nhận',NULL,'10 Ngõ 30 Tạ Quang Bửu, Bách Khoa, quận Hai bà Trưng, Thành phố Hà Nội','0399180808',0),(22,1,2370000.0000,1,'2021-06-09 03:17:15','0',NULL,'10 Ngõ 30 Tạ Quang Bửu, Bách Khoa, quận Hai bà Trưng, Thành phố Hà Nội','0399180808',1),(23,1,2370000.0000,1,'2021-06-09 03:20:29','đang giao','chỉ giao giờ hành chính','10 Ngõ 30 Tạ Quang Bửu, Bách Khoa, quận Hai bà Trưng, Thành phố Hà Nội','0399180808',0),(24,1,2370000.0000,1,'2021-06-10 02:51:03','0',NULL,'10 Ngõ 30 Tạ Quang Bửu, Bách Khoa, quận Hai bà Trưng, Thành phố Hà Nội','0399180808',1),(25,1,17380000.0000,2,'2021-06-23 16:23:19','','','1 Đại Cồ Việt, Q.Hai Bà Trưng, HN','0974454598',1),(26,2,23490000.0000,1,'2021-06-30 09:40:26','Chưa xác nhận',NULL,'10 Ngõ 30 Tạ Quang Bửu, Bách Khoa, quận Hai bà Trưng, Thành phố Hà Nội','0399180808',0);
/*!40000 ALTER TABLE `bill` ENABLE KEYS */;
UNLOCK TABLES;

--
-- Table structure for table `bill_detail`
--

DROP TABLE IF EXISTS `bill_detail`;
/*!40101 SET @saved_cs_client     = @@character_set_client */;
/*!50503 SET character_set_client = utf8mb4 */;
CREATE TABLE `bill_detail` (
  `id` int NOT NULL AUTO_INCREMENT,
  `bill_id` int NOT NULL,
  `product_id` int NOT NULL,
  `color_name` varchar(20) NOT NULL,
  `unitprice` decimal(19,4) DEFAULT NULL,
  `quantity` int DEFAULT NULL,
  `sub_total` decimal(19,4) DEFAULT NULL,
  PRIMARY KEY (`id`),
  KEY `FK_billdetail_bill_idx` (`bill_id`),
  KEY `FK_billdetail_product_idx` (`product_id`),
  CONSTRAINT `FK_billdetail_bill` FOREIGN KEY (`bill_id`) REFERENCES `bill` (`id`),
  CONSTRAINT `FK_billdetail_product` FOREIGN KEY (`product_id`) REFERENCES `product` (`product_id`)
) ENGINE=InnoDB AUTO_INCREMENT=10 DEFAULT CHARSET=utf8mb4 COLLATE=utf8mb4_0900_ai_ci;
/*!40101 SET character_set_client = @saved_cs_client */;

--
-- Dumping data for table `bill_detail`
--

LOCK TABLES `bill_detail` WRITE;
/*!40000 ALTER TABLE `bill_detail` DISABLE KEYS */;
INSERT INTO `bill_detail` VALUES (1,19,1,'Xanh dương',2370000.0000,1,2370000.0000),(2,20,1,'Xanh dương',2370000.0000,1,2370000.0000),(3,21,1,'Xanh dương',2370000.0000,1,2370000.0000),(4,22,1,'Xanh dương',2370000.0000,1,2370000.0000),(5,23,1,'Xanh dương',2370000.0000,1,2370000.0000),(6,24,1,'Xanh dương',2370000.0000,1,2370000.0000),(7,25,35,'Bạc',8690000.0000,1,8690000.0000),(8,25,35,'Đen',8690000.0000,1,8690000.0000),(9,26,4,'Tím',23490000.0000,1,23490000.0000);
/*!40000 ALTER TABLE `bill_detail` ENABLE KEYS */;
UNLOCK TABLES;

--
-- Table structure for table `color`
--

DROP TABLE IF EXISTS `color`;
/*!40101 SET @saved_cs_client     = @@character_set_client */;
/*!50503 SET character_set_client = utf8mb4 */;
CREATE TABLE `color` (
  `color_id` int NOT NULL AUTO_INCREMENT,
  `name` varchar(20) DEFAULT NULL,
  `hex_code` varchar(10) DEFAULT NULL,
  `product_id` int DEFAULT NULL,
  PRIMARY KEY (`color_id`),
  UNIQUE KEY `color_id` (`color_id`),
  KEY `FK_color_product_idx` (`product_id`)
) ENGINE=InnoDB AUTO_INCREMENT=76 DEFAULT CHARSET=utf8mb4 COLLATE=utf8mb4_0900_ai_ci;
/*!40101 SET character_set_client = @saved_cs_client */;

--
-- Dumping data for table `color`
--

LOCK TABLES `color` WRITE;
/*!40000 ALTER TABLE `color` DISABLE KEYS */;
INSERT INTO `color` VALUES (1,'Xanh dương','#184f69',1),(2,'Đen','#000000',1),(3,'Đỏ','#c02b25',1),(34,'Tím','#cec7fa',4),(35,'Xanh dương','#06355f',4),(36,'Xanh lá','#e3e8e1',4),(37,'Trắng','#ececec',4),(38,'Đỏ','#eb4e52',4),(39,'Đen','#252525',4),(41,'Bạc','#d9d3d3',35),(42,'Đen','#000000',35),(71,'Xanh dương đậm','#204aac',32),(72,'Đen','#000000',32),(73,'Đen','#000000',39),(74,'Đỏ','#ff0000',39),(75,'Vàng','#fff700',39);
/*!40000 ALTER TABLE `color` ENABLE KEYS */;
UNLOCK TABLES;

--
-- Table structure for table `color_img`
--

DROP TABLE IF EXISTS `color_img`;
/*!40101 SET @saved_cs_client     = @@character_set_client */;
/*!50503 SET character_set_client = utf8mb4 */;
CREATE TABLE `color_img` (
  `colorimg_id` int NOT NULL AUTO_INCREMENT,
  `url` varchar(200) DEFAULT NULL,
  `color_id` int NOT NULL,
  PRIMARY KEY (`colorimg_id`,`color_id`),
  KEY `FK_color_img_idx` (`color_id`),
  CONSTRAINT `FK_color_img` FOREIGN KEY (`color_id`) REFERENCES `color` (`color_id`)
) ENGINE=InnoDB AUTO_INCREMENT=62 DEFAULT CHARSET=utf8mb4 COLLATE=utf8mb4_0900_ai_ci;
/*!40101 SET character_set_client = @saved_cs_client */;

--
-- Dumping data for table `color_img`
--

LOCK TABLES `color_img` WRITE;
/*!40000 ALTER TABLE `color_img` DISABLE KEYS */;
INSERT INTO `color_img` VALUES (1,'https://cdn.tgdd.vn/Products/Images/42/228999/samsung-galaxy-a02-xanhduong-1-org.jpg',1),(2,'https://cdn.tgdd.vn/Products/Images/42/228999/samsung-galaxy-a02-xanhduong-2-org.jpg',1),(3,'https://cdn.tgdd.vn/Products/Images/42/228999/samsung-galaxy-a02-xanhduong-4-org.jpg',1),(4,'https://cdn.tgdd.vn/Products/Images/42/228999/samsung-galaxy-a02-den-1-org.jpg\n',2),(5,'https://cdn.tgdd.vn/Products/Images/42/228999/samsung-galaxy-a02-den-2-org.jpg',2),(6,'https://cdn.tgdd.vn/Products/Images/42/228999/samsung-galaxy-a02-den-4-org.jpg',2),(7,'https://cdn.tgdd.vn/Products/Images/42/228999/samsung-galaxy-a02-do-1-org.jpg\n',3),(8,'https://cdn.tgdd.vn/Products/Images/42/228999/samsung-galaxy-a02-do-4-org.jpg\n',3),(9,'https://cdn.tgdd.vn/Products/Images/42/228999/samsung-galaxy-a02-do-2-org.jpg',3),(10,'https://cdn.tgdd.vn/Products/Images/42/228999/samsung-galaxy-a02-xanhduong-5-org.jpg',1),(11,'https://cdn.tgdd.vn/Products/Images/42/213031/iphone-12-violet-gc-org.jpg',34),(12,'https://cdn.tgdd.vn/Products/Images/42/213031/iphone-12-xanh-duong-1-1-org.jpg',35),(13,'https://cdn.tgdd.vn/Products/Images/42/213031/iphone-12-xanh-duong-4-1-org.jpg',35),(14,'https://cdn.tgdd.vn/Products/Images/42/213031/iphone-12-xanh-duong-5-1-org.jpg',35),(15,'https://cdn.tgdd.vn/Products/Images/42/213031/iphone-12-xanh-la-1-1-org.jpg',36),(16,'https://cdn.tgdd.vn/Products/Images/42/213031/iphone-12-xanh-la-2-org.jpg',36),(17,'https://cdn.tgdd.vn/Products/Images/42/213031/iphone-12-xanh-la-4-org.jpg',36),(18,'https://cdn.tgdd.vn/Products/Images/42/213031/iphone-12-xanh-la-6-org.jpg',36),(19,'https://cdn.tgdd.vn/Products/Images/42/213031/iphone-12-xanh-la-10-org.jpg',36),(20,'https://cdn.tgdd.vn/Products/Images/42/213031/iphone-12-trang-1-1-org.jpg',37),(21,'https://cdn.tgdd.vn/Products/Images/42/213031/iphone-12-trang-4-org.jpg',37),(22,'https://cdn.tgdd.vn/Products/Images/42/213031/iphone-12-trang-6-org.jpg',37),(23,'https://cdn.tgdd.vn/Products/Images/42/213031/iphone-12-trang-11-org.jpg',37),(24,'https://cdn.tgdd.vn/Products/Images/42/213031/iphone-12-trang-8-org.jpg',37),(25,'https://cdn.tgdd.vn/Products/Images/42/213031/iphone-12-do-1-1-org.jpg',38),(26,'https://cdn.tgdd.vn/Products/Images/42/213031/iphone-12-do-2-org.jpg',38),(27,'https://cdn.tgdd.vn/Products/Images/42/213031/iphone-12-do-4-org.jpg',38),(28,'https://cdn.tgdd.vn/Products/Images/42/213031/iphone-12-do-5-1-org.jpg',38),(29,'https://cdn.tgdd.vn/Products/Images/42/213031/iphone-12-do-7-org.jpg',38),(30,'https://cdn.tgdd.vn/Products/Images/42/213031/iphone-12-do-8-org.jpg',38),(31,'https://cdn.tgdd.vn/Products/Images/42/213031/iphone-12-den-1-1-org.jpg',39),(32,'https://cdn.tgdd.vn/Products/Images/42/213031/iphone-12-den-2-org.jpg',39),(33,'https://cdn.tgdd.vn/Products/Images/42/213031/iphone-12-den-4-org.jpg',39),(34,'https://cdn.tgdd.vn/Products/Images/42/213031/iphone-12-den-5-1-org.jpg',39),(35,'https://cdn.tgdd.vn/Products/Images/42/213031/iphone-12-den-9-org.jpg',39),(36,'https://cdn.tgdd.vn/Products/Images/42/213031/iphone-12-den-11-org.jpg',39),(37,'https://cdn.tgdd.vn/Products/Images/42/220438/oppo-reno5-bac-1-org.jpg',41),(38,'https://cdn.tgdd.vn/Products/Images/42/220438/oppo-reno5-bac-4-org.jpg',41),(39,'https://cdn.tgdd.vn/Products/Images/42/220438/oppo-reno5-bac-5-org.jpg',41),(40,'/upload/images/dien-thoai-oppo-reno5_den0.jpg',42),(41,'https://cdn.tgdd.vn/Products/Images/42/220438/oppo-reno5-den-1-org.jpg',42),(42,'https://cdn.tgdd.vn/Products/Images/42/220438/oppo-reno5-den-6-org.jpg',42),(49,'https://cdn.tgdd.vn/Products/Images/42/232657/itel-it9200-xanhdam-1-org.jpg',71),(50,'https://cdn.tgdd.vn/Products/Images/42/232657/itel-it9200-den-1-org.jpg',72),(51,'https://cdn.tgdd.vn/Products/Images/42/228515/mobell-p41-den-1-org.jpg',73),(52,'https://cdn.tgdd.vn/Products/Images/42/228515/mobell-p41-den-2-org.jpg',73),(53,'https://cdn.tgdd.vn/Products/Images/42/228515/mobell-p41-den-4-org.jpg',73),(54,'/upload/images/dien-thoai-mobell-p41-do0.jpg',74),(55,'https://cdn.tgdd.vn/Products/Images/42/228515/mobell-p41-do-2-org.jpg',74),(56,'https://cdn.tgdd.vn/Products/Images/42/228515/mobell-p41-do-5-org.jpg',74),(57,'https://cdn.tgdd.vn/Products/Images/42/228515/mobell-p41-do-6-org.jpg',74),(58,'https://cdn.tgdd.vn/Products/Images/42/228515/mobell-p41-vang-1-org.jpg',75),(59,'https://cdn.tgdd.vn/Products/Images/42/228515/mobell-p41-vang-7-org.jpg',75),(60,'https://cdn.tgdd.vn/Products/Images/42/228515/mobell-p41-vang-8-org.jpg',75),(61,'https://cdn.tgdd.vn/Products/Images/42/228515/mobell-p41-vang-12-org.jpg',75);
/*!40000 ALTER TABLE `color_img` ENABLE KEYS */;
UNLOCK TABLES;

--
-- Table structure for table `feedback`
--

DROP TABLE IF EXISTS `feedback`;
/*!40101 SET @saved_cs_client     = @@character_set_client */;
/*!50503 SET character_set_client = utf8mb4 */;
CREATE TABLE `feedback` (
  `id` int NOT NULL AUTO_INCREMENT,
  `fullname` varchar(55) NOT NULL,
  `email` varchar(75) NOT NULL,
  `title` varchar(100) NOT NULL,
  `detail` text NOT NULL,
  `create_at` datetime DEFAULT NULL,
  PRIMARY KEY (`id`)
) ENGINE=InnoDB AUTO_INCREMENT=13 DEFAULT CHARSET=utf8mb4 COLLATE=utf8mb4_0900_ai_ci;
/*!40101 SET character_set_client = @saved_cs_client */;

--
-- Dumping data for table `feedback`
--

LOCK TABLES `feedback` WRITE;
/*!40000 ALTER TABLE `feedback` DISABLE KEYS */;
INSERT INTO `feedback` VALUES (1,'Pham Quang Tuấn','tuanquang123321@gmail.com','a','a','2021-06-07 09:55:33'),(2,'Pham Quang Tuấn','tuanquang123321@gmail.com','a','a','2021-06-07 09:59:30'),(3,'Pham Quang Tuấn','tuanquang123321@gmail.com','a','a','2021-06-07 10:00:41'),(4,'Pham Quang Tuấn','tuanquang123321@gmail.com','1','a','2021-06-07 10:03:22'),(5,'Pham Quang Tuấn','tuanquang123321@gmail.com','a','a','2021-06-07 10:05:48'),(6,'Pham Quang Tuấn','tuanquang123321@gmail.com','a','a','2021-06-07 10:06:00'),(7,'toi','tou','123','123','2021-06-07 10:10:43'),(8,'a','a','a','a','2021-06-07 10:14:23'),(9,'1','1','1','1','2021-06-07 10:16:04'),(10,'1','1','1','1','2021-06-07 10:20:20'),(11,'Pham Quang Tuấn','tuanquang123321@gmail.com','ngày 30 đi học','MARKETING BẰNG BOSS: CHỈ DÙNG 1 CHÚ MÈO HOANG CỨU CÔNG TY THOÁT CẢNH PHÁ SẢN\r\nCô mèo Tama quả không hổ danh là \"mèo nhà người ta\"!\r\nKhi nhắc đến những công ty đổi mới và sáng tạo trong kinh doanh, chắc hẳn chẳng ai nghĩ đến một công ty đường sắt. Tuy nhiên, công ty đường sắt Nhật Bản dưới đây lại là ngoại lệ.\r\nĐặc biệt hơn nữa, họ đã dùng một… con mèo để cứu việc kinh doanh đang gặp khó khăn. Chiến dịch marketing tài tình này đã giúp họ không rơi vào cảnh phá sản và thậm chí còn ăn nên làm ra.\r\nTuyến đường sắt Wakayama dài 14 km, bao gồm 14 ga thuộc tỉnh Wakayama trên đảo Honshu của Nhật Bản. Đến năm 2006, Wakayama Electric Railway - công ty sở hữu tuyến đường này đã lỗ tới 500 triệu yên (4,7 triệu USD) mỗi năm do hành khách bỏ các tuyến ở miền tây Nhật Bản ngày càng nhiều.\r\nTrong nỗ lực cuối cùng để cứu hoạt động kinh doanh, Wakayama đã sa thải toàn bộ nhân viên làm việc tại mỗi nhà ga nhằm tiết kiệm chi phí. Nhưng điều đó là chưa đủ và họ cần kiếm thêm tiền.\r\n1. Chú mèo \"thần Tài\"\r\nVì không còn nhân viên, Wakayama vận động các tình nguyện viên địa phương làm nhiệm vụ quản lý các nhà ga và bổ nhiệm Toshiko Koyama làm người quản lý ga tàu cuối cùng của tuyến – ga Kishi.\r\nKhi đó, Kishi có rất nhiều mèo hoang và Koyama đã nhận nuôi một trong số đó, đặt tên là Tama. Trong thời gian làm việc tại ga tàu, Koyama thường đưa Tama đi cùng để chào hành khách. Cô mèo nhanh chóng thu hút được sự chú ý và yêu mến của mọi người.\r\nNhận thấy cơ hội quảng bá tiềm năng, tháng 1/2007, Wakayama quyết định bổ nhiệm Tama làm trưởng ga tàu chính thức của nhà ga Kishi. Họ cho Tama đội một chiếc mũ của trưởng ga tàu và cho phép hành khách chụp ảnh lưu niệm cùng. Đến tháng 3, lượng hành khách đã tăng hơn 10%.\r\nChưa dừng lại ở đó, Wakayama còn tận dụng sử nổi tiếng của Tama để sản xuất một loạt sản phẩm liên quan như móc chìa khóa, huy hiệu, quần áo và kẹo. Thậm chí, họ còn xuất bản cuốn sách mang tên \"Nhật ký của trưởng ga tàu Tama\".\r\nNăm 2010, Wakayama ký hợp đồng với một nhà thiết kế công nghiệp nổi tiếng để thay đổi diện mạo của đoàn tàu theo chủ đề Tama. Cả nội thất và ngoại thất của đoàn tàu mới đều được trang trí theo chủ đề mèo. \r\nNhà ga Kishi thậm chí còn được thiết kế lại để trông giống mặt của một chú mèo. Ngoài ra, khi tàu đến ga, tiếng kêu của Tama sẽ được phát qua hệ thống loa, đem lại trải nghiệm thú vị cho hành khách.\r\nDanh tiếng của Tama ngày càng tăng. Theo ước tính, cô mèo này đã đóng góp khoảng 1,1 tỷ yên (tương đương 8,9 triệu USD cho nền kinh tế địa phương. Nhờ đó, Wakayama đã không rơi vào tình trạng phá sản.\r\nKhông những vậy, công ty còn vươn lên vị trí thứ 3 trong các nhà điều hành đường sắt của tỉnh Wakayama và được bầu là Chủ tịch danh dự của Đường sắt Wakayama trọn đời.\r\nEm và mẹ của Tama sau đó được \"tuyển\" vào làm việc tại ga Kishi với tư cách là trợ lý và người hỗ trợ cho trưởng ga tàu.\r\n2. \"Huyền thoại\" tồn tại mãi mãi\r\nTama qua đời vào tháng 6/2015 ở tuổi 16. Các quan chức cấp cao của công ty đường sắt Wakayama và hơn 3.000 người hâm mộ đã đến dự đám tang để bày tỏ sự quý mến với Tama. Ga Kishi khi đó được bao phủ bởi nhiều bó hoa, quà tặng và lon cá ngừ - món yêu thích của Tama.\r\nSau 50 ngày để tang, \"cấp phó\" của Tama được bổ nhiệm làm trưởng ga tàu để thay thế. Nghi lễ đầu tiên mà Nitama (Tama thứ hai) thực hiện là đến thăm đền thờ của Tama.\r\nNgoài ra, còn có Tama 3 và Tama 4 – những chú mèo chia sẻ nhiệm vụ trưởng ga tại một số tuyến khác. Tất cả đều có tài khoản mạng xã hội riêng và thu hút khá đông người theo dõi.\r\nNguồn: Theo Doanh nghiệp và Tiếp thị','2021-06-23 09:58:18'),(12,'Nguyen Anh Minh','tuanquang123321@gmail.com','Hợp tác','Hợp tácHợp tácHợp tácHợp tácHợp tácHợp tácHợp tácHợp tácHợp tácHợp tácHợp tácHợp tácHợp tácHợp tácHợp tácHợp tácHợp tácHợp tácHợp tácHợp tácHợp tácHợp tácHợp tácHợp tácHợp tácHợp tácHợp tácHợp tácHợp tácHợp tác','2021-06-25 16:34:08');
/*!40000 ALTER TABLE `feedback` ENABLE KEYS */;
UNLOCK TABLES;

--
-- Table structure for table `manufacturer`
--

DROP TABLE IF EXISTS `manufacturer`;
/*!40101 SET @saved_cs_client     = @@character_set_client */;
/*!50503 SET character_set_client = utf8mb4 */;
CREATE TABLE `manufacturer` (
  `manufacturer_id` int NOT NULL AUTO_INCREMENT,
  `name` varchar(10) DEFAULT NULL,
  `image` varchar(80) DEFAULT NULL,
  `country` varchar(10) CHARACTER SET utf8 COLLATE utf8_general_ci DEFAULT NULL,
  `slug` varchar(45) NOT NULL,
  PRIMARY KEY (`manufacturer_id`),
  UNIQUE KEY `manufacturer_id_UNIQUE` (`manufacturer_id`),
  UNIQUE KEY `name` (`name`)
) ENGINE=InnoDB AUTO_INCREMENT=68 DEFAULT CHARSET=utf8mb4 COLLATE=utf8mb4_0900_ai_ci;
/*!40101 SET character_set_client = @saved_cs_client */;

--
-- Dumping data for table `manufacturer`
--

LOCK TABLES `manufacturer` WRITE;
/*!40000 ALTER TABLE `manufacturer` DISABLE KEYS */;
INSERT INTO `manufacturer` VALUES (0,'(default)',NULL,NULL,'no-brand'),(1,'Samsung','/upload/images/samsung.jpg','Hàn Quốc','samsung'),(2,'Apple','https://cdn.tgdd.vn/Brand/1/iPhone-(Apple)42-b_52.jpg','Mỹ','apple'),(22,'Oppo','https://cdn.tgdd.vn/Brand/1/OPPO42-b_5.jpg','Trung Quốc','oppo'),(23,'Vivo','https://cdn.tgdd.vn/Brand/1/Vivo42-b_50.jpg','Trung Quốc','vivo'),(24,'Xiaomi','https://cdn.tgdd.vn/Brand/1/logo-xiaomi-220x48-5.png','Trung Quốc','xiaomi'),(25,'RealMe','https://cdn.tgdd.vn/Brand/1/Realme42-b_37.png','Trung Quốc','realme'),(26,'VSmart','https://cdn.tgdd.vn/Brand/1/Vsmart42-b_40.png','Việt Nam','vsmart'),(28,'Huawei','/upload/images/Huawei.jpg','Trung Quốc','huawei'),(29,'Nokia','https://cdn.tgdd.vn/Brand/1/Nokia42-b_21.jpg','Trung Quốc','nokia'),(32,'Mobell','/upload/images/mobell.jpg','Singapore','mobell'),(33,'Masstel','/upload/images/masstel.png','Việt Nam','masstel'),(34,'OnePlus','/upload/images/oneplus.jpg','Trung Quốc','oneplus'),(67,'Itel','/upload/images/itel.jpg','Trung Quốc','itel');
/*!40000 ALTER TABLE `manufacturer` ENABLE KEYS */;
UNLOCK TABLES;

--
-- Table structure for table `post`
--

DROP TABLE IF EXISTS `post`;
/*!40101 SET @saved_cs_client     = @@character_set_client */;
/*!50503 SET character_set_client = utf8mb4 */;
CREATE TABLE `post` (
  `id` int NOT NULL AUTO_INCREMENT,
  `title` varchar(200) NOT NULL,
  `ava_image` varchar(200) NOT NULL,
  `banner_image` varchar(200) DEFAULT NULL,
  `slug` varchar(100) NOT NULL,
  `description` varchar(300) DEFAULT NULL,
  `body` text,
  `create_at` datetime DEFAULT NULL,
  `update_at` datetime DEFAULT NULL,
  `draft` tinyint DEFAULT '0',
  `view_count` int DEFAULT '0',
  PRIMARY KEY (`id`)
) ENGINE=InnoDB AUTO_INCREMENT=17 DEFAULT CHARSET=utf8mb4 COLLATE=utf8mb4_0900_ai_ci;
/*!40101 SET character_set_client = @saved_cs_client */;

--
-- Dumping data for table `post`
--

LOCK TABLES `post` WRITE;
/*!40000 ALTER TABLE `post` DISABLE KEYS */;
INSERT INTO `post` VALUES (1,'Đánh giá POCO X3 Pro: Tầm trung nhưng không tầm thường','https://cdn.tgdd.vn/Files/2021/03/23/1337688/thumbpoco_800x450-600x400.jpg','https://cdn.tgdd.vn/Files/2021/03/23/1337688/1280_1280x720.png','danh-gia-chi-tiet-xiaomi-poco-x3-pro','Xiaomi đã cho đổ bộ hàng loạt những chiếc flagship cực hot, có thể nói là \'hot hơn cả mùa hè\' và mới đây nhất là Xiaomi POCO X3 Pro. Liệu dòng máy này có đủ \'ngon\' để \'giữ nhiệt cho Xiaomi? Hãy cùng mình đánh giá chi tiết chiếc flagship mới toanh này nhé!','    <h2>Chỉ trong vài tháng đầu ngắn ngủi của năm 2021, <a href=\"https://www.thegioididong.com/dtdd-xiaomi\" target=\"_blank\" title=\"Xiaomi\" type=\"Xiaomi\">Xiaomi</a> đã cho đổ bộ hàng loạt những chiếc flagship cực hot, có thể nói là hot hơn cả mùa hè. Khởi động sương sương là dòng <a href=\"https://www.thegioididong.com/dtdd\" target=\"_blank\" title=\"smartphone\" type=\"smartphone\">smartphone</a> cao cấp <a href=\"https://www.thegioididong.com/dtdd/xiaomi-mi-11\" target=\"_blank\" title=\"Xiaomi Mi 11 5G\" type=\"Xiaomi Mi 11 5G\">Xiaomi Mi 11 5G</a>, tiếp đến là các phân khúc giá mềm hơn như <a href=\"https://www.thegioididong.com/dtdd/xiaomi-redmi-note-9t-5g\" target=\"_blank\" title=\"Xiaomi Redmi Note 9T 5G\" type=\"Xiaomi Redmi Note 9T 5G\">Xiaomi Redmi Note 9T</a>, <a href=\"https://www.thegioididong.com/dtdd/xiaomi-redmi-note-10\" target=\"_blank\" title=\"Xiaomi Redmi Note 10\" type=\"Xiaomi Redmi Note 10\">Xiaomi Redmi Note 10</a>... đặc biệt là&nbsp;<a href=\"https://www.thegioididong.com/dtdd/xiaomi-poco-x3-pro\" target=\"_blank\" title=\"Xiaomi POCO X3 Pro\" type=\"Xiaomi POCO X3 Pro\">Xiaomi POCO X3 Pro</a>. Liệu Xiaomi POCO X3 Pro có đủ ngon để \'giữ nhiệt cho Xiaomi? Hãy cùng mình <a href=\"https://www.thegioididong.com/tin-tuc/danh-gia-chi-tiet-xiaomi-poco-x3-pro-1337688\" target=\"_blank\" title=\"đánh giá chi tiết Xiaomi POCO X3 Pro\" type=\"đánh giá chi tiết Xiaomi POCO X3 Pro\">đánh giá chi tiết&nbsp;Xiaomi POCO X3 Pro</a>&nbsp;- chiếc flagship rất được quan tâm này nhé!</h2><p><em>Bài viết được tham khảo bởi chuyên trang công nghệ Gizmochina.</em></p><p>Xem thêm:&nbsp;</p><ul><li><a href=\"https://www.thegioididong.com/tin-tuc/danh-gia-chi-tiet-xiaomi-poco-f3-1340144\" target=\"_blank\" title=\"Đánh giá chi tiết Xiaomi POCO F3: Sức mạnh không chỉ đến từ phần cứng?\" type=\"Đánh giá chi tiết Xiaomi POCO F3: Sức mạnh không chỉ đến từ phần cứng?\">Đánh giá chi tiết Xiaomi POCO F3: Sức mạnh không chỉ đến từ phần cứng?</a></li><li><a href=\"https://www.thegioididong.com/tin-tuc/an-tuong-dau-tien-poco-m3-pro-5g-1352852\" target=\"_blank\" title=\"Ấn tượng đầu tiên POCO M3 Pro 5G: Thiết kế đẹp, Dimensity 700\" type=\"Ấn tượng đầu tiên POCO M3 Pro 5G: Thiết kế đẹp, Dimensity 700\">Ấn tượng đầu tiên POCO M3 Pro 5G: Thiết kế đẹp, Dimensity 700</a></li></ul><h3><strong>1. Thiết kế Xiaomi POCO X3 Pro vẫn khá ấn tượng dù là phân khúc giá rẻ</strong></h3><div class=\"imgwrap\"><img alt=\"POCO X3 Pro được ra mắt với 3 phiên bản màu là Metal Bronze, Frost Blue và Black\" data-original=\"https://cdn.tgdd.vn/Files/2021/03/23/1337688/2_800x450.png\" src=\"https://cdn.tgdd.vn/Files/2021/03/23/1337688/2_800x450.png\" title=\"POCO X3 Pro được ra mắt với 3 phiên bản màu là Metal Bronze, Frost Blue và Black\"></div><div class=\"captionnews\">POCO X3 Pro được ra mắt với 3 phiên bản màu là Metal Bronze, Frost Blue và Black. (Nguồn: Gizmochina)</div><p>Thiết kế của POCO X3 Pro được ra mắt với 3 phiên bản màu là Metal Bronze, Frost Blue và Black. Nhìn chung chiếc flagship này không có quá nhiều thay đổi so với phiên bản tiền nhiệm <a href=\"https://www.thegioididong.com/dtdd/xiaomi-poco-x3\" target=\"_blank\" title=\"POCO X3 NFC\" type=\"POCO X3 NFC\">POCO X3 NFC</a>, chúng ta vẫn sẽ có một mô đun camera và logo POCO lớn nổi bật ở mặt sau. Bên cạnh đó, màn hình lỗ đục 6.67 inch vẫn được giữ nguyên và dù là phân khúc giá rẻ, chiếc cằm hẹp của POCO X3 Pro vẫn rất ấn tượng.</p><div class=\"imgwrap\"><img alt=\"Màn hình lỗ đục 6.67 inch\" data-original=\"https://cdn.tgdd.vn/Files/2021/03/23/1337688/5_800x450.png\" title=\"Màn hình lỗ đục 6.67 inch\" class=\" lazyloaded\" src=\"https://cdn.tgdd.vn/Files/2021/03/23/1337688/5_800x450.png\"></div><div class=\"captionnews\">Màn hình lỗ đục 6.67 inch. (Nguồn: Gizmochina)</div><div class=\"imgwrap\"><img alt=\"Thiết kế cằm hẹp của POCO X3 Pro\" data-original=\"https://cdn.tgdd.vn/Files/2021/03/23/1337688/camhep_800x450.png\" title=\"Thiết kế cằm hẹp của POCO X3 Pro\" class=\" lazyloaded\" src=\"https://cdn.tgdd.vn/Files/2021/03/23/1337688/camhep_800x450.png\"></div><div class=\"captionnews\">Thiết kế cằm hẹp của POCO X3 Pro. (Nguồn: Gizmochina)</div><p>POCO X3 Pro được hỗ trợ bởi sức mạnh của chip&nbsp;Qualcomm Snapdragon 860, đây là phiên bản cao hơn của&nbsp;Snapdragon 855+.&nbsp;So với POCO X3 NFC chạy bằng snapdragon 732G thì Snapdragon 860 trên POCO X3 Pro quả là một nâng cấp đặc biệt, song có một điều mà các bạn cần lưu ý là snapdragon 860 là chip 4G nên sẽ không thể hỗ trợ kết nối mạng 5G.&nbsp;</p><div class=\"imgwrap\"><img alt=\"Dù không hỗ trợ 5G nhưng đổi lại POCO X3 Pro được thiết lập đến 4 camera sau\" data-original=\"https://cdn.tgdd.vn/Files/2021/03/23/1337688/3_800x450.png\" title=\"Dù không hỗ trợ 5G nhưng đổi lại POCO X3 Pro được thiết lập cụm camera đến 4 camera sau\" class=\" lazyloaded\" src=\"https://cdn.tgdd.vn/Files/2021/03/23/1337688/3_800x450.png\"></div><div class=\"captionnews\">Dù không hỗ trợ 5G nhưng đổi lại POCO X3 Pro được thiết lập cụm camera đến 4 camera sau. (Nguồn: Gizmochina)</div><p>Nhưng các bạn đừng quá lo lắng bởi thua keo này thì ta bày keo khác, dù không hỗ trợ 5G nhưng đổi lại POCO X3 Pro được thiết lập cụm camera đến 4 camera sau với cảm biến chính 48MB đi kèm cảm biến siêu rộng 8MB, macro 2MB và camera chiều sâu 2MB. Bên cạnh đó, viên pin POCO X3 Pro được thiết kế với dung lượng lớn 5156 mAh, sạc nhanh 33W, màn hình 120Hz 1080 LCD cũng được hỗ trợ trên POCO X3 Pro mang đến cho bạn trải nghiệm xem nhìn tuyệt vời.</p><p>Ngoài ra, POCO X3 Pro cũng mang một số tính năng hữu ích liên quan đến việc sử dụng hàng ngày bao gồm NFC, mô tơ tuyến tính trục Z để mang lại trải nghiệm rung tốt hơn, loa kép âm thanh nổi và giắc cắm tai nghe 3,5 mm.</p><h3><strong>2. Hiệu năng chơi game trên Xiaomi POCO X3 Pro chắn chắn sẽ không làm các \'tín đồ\' thất vọng</strong></h3><div class=\"imgwrap\"><img alt=\"Điểm trên AnTuTu của POCO X3 Pro được ghi nhận là 476883 điểm\" data-original=\"https://cdn.tgdd.vn/Files/2021/03/23/1337688/6_800x450.png\" title=\"Điểm trên AnTuTu của POCO X3 Pro được ghi nhận là 476883 điểm\" class=\" lazyloaded\" src=\"https://cdn.tgdd.vn/Files/2021/03/23/1337688/6_800x450.png\"></div><div class=\"captionnews\">Điểm trên AnTuTu của POCO X3 Pro được ghi nhận là 476883 điểm. (Nguồn: Gizmochina)</div><p>Nhờ chip&nbsp;Snapdragon 860 mà hiệu năng chơi game trên POCO X3 Pro được cải thiện hơn nhiều so với người anh em POCO X3 trước đó. Dù là phiên bản phi thương mại nhưng Gizmochina cũng đã tiến hành chấm điểm hiệu năng POCO X3 Pro trên AnTuTu và ghi được số điểm là 476883, trải nghiệm chơi game trên POCO X3 Pro cũng mang lại kết quả đáng mong đợi.&nbsp;</p><div class=\"imgwrap\"><img alt=\"Tốc độ khung hình ở mức 60 khung hình/ giây đối với Trò chơi PUBG Mobile\" data-original=\"https://cdn.tgdd.vn/Files/2021/03/23/1337688/7_800x450.png\" title=\"Tốc độ khung hình ở mức 60 khung hình/ giây đối với Trò chơi PUBG Mobile\" class=\" lazyloaded\" src=\"https://cdn.tgdd.vn/Files/2021/03/23/1337688/7_800x450.png\"></div><div class=\"captionnews\">Tốc độ khung hình ở mức 60 khung hình/ giây đối với Trò chơi PUBG Mobile. (Nguồn: Gizmochina)</div><p>Khi trải nghiệm PUBG Mobile, do có sự giới hạn tốc độ khung hình trong trò chơi nên chỉ được phép chạy dưới 60 khung hình/giây với đồ họa HDR cao nhất nhưng đây lại là lợi thế để POCO X3 Pro đạt được hiệu năng chơi game tuyệt vời, ổn định mà không gặp bất cứ vấn đề nào về nhiệt. Sau 30 phút chơi game, mức độ nóng lên của chiếc smartphone này chỉ ở mức 45 độ, tốt hơn nhiều so với những chiếc flagship được hỗ trợ bởi chip Snapdragon 888.</p><div class=\"imgwrap\"><img alt=\"Đối với game NBA 2K20, POCO X3 Pro vẫn dễ dàng đạt được tốc độ khung hình trung bình ở mức 59.65 khung hình/ giây\" data-original=\"https://cdn.tgdd.vn/Files/2021/03/23/1337688/8_800x450.png\" title=\"Đối với game NBA 2K20, POCO X3 Pro vẫn dễ dàng đạt được tốc độ khung hình trung bình ở mức 59.65 khung hình/ giây\" class=\" lazyloaded\" src=\"https://cdn.tgdd.vn/Files/2021/03/23/1337688/8_800x450.png\"></div><div class=\"captionnews\">Đối với game NBA 2K20, POCO X3 Pro vẫn dễ dàng đạt được tốc độ khung hình trung bình ở mức 59.65 khung hình/ giây. (Nguồn: Gizmochina)</div><p>Vậy đối với game NBA 2K20 thì sao? Dường như khá khó để đạt đến tốc độ khung hình tối đa 120 khung hình/ giây. Tuy nhiên, POCO X3 Pro vẫn dễ dàng đạt được tốc độ khung hình trung bình ở mức 59.65 khung hình/ giây mà không gặp bất kỳ vấn đề nào về nhiệt và hiệu năng.</p><div class=\"imgwrap\"><img alt=\"Trong trải nghiệm 20 phút với game Genshin Impact, POCO X3 Pro đã đạt được mức trung bình là 49,9 khung hình/ giây\" data-original=\"https://cdn.tgdd.vn/Files/2021/03/23/1337688/9_800x450.png\" title=\"Trong trải nghiệm 20 phút với game Genshin Impact, POCO X3 Pro đã đạt được mức trung bình là 49.9 khung hình/ giây\" class=\" lazyloaded\" src=\"https://cdn.tgdd.vn/Files/2021/03/23/1337688/9_800x450.png\"></div><div class=\"captionnews\">Trong trải nghiệm 20 phút với game Genshin Impact, POCO X3 Pro đã đạt được mức trung bình là 49.9 khung hình/ giây. (Nguồn: Gizmochina)</div><p>Trong trải nghiệm 20 phút với game Genshin Impact dưới đồ họa cao nhất (chuyển động tắt), POCO X3 Pro đã đạt được mức trung bình một cách đáng ngạc nhiên là 49.9 khung hình/ giây với một số biến động khi chiến đấu.</p><h3><strong>3. Camera trên Xiaomi POCO X3 Pro không phải dạng vừa với \'bộ tứ\' camera sau</strong></h3><div class=\"imgwrap\"><img alt=\"\'Bộ tứ\' camera sau trên POCO X3 Pro\" data-original=\"https://cdn.tgdd.vn/Files/2021/03/23/1337688/10_800x450.png\" title=\"\'Bộ tứ\' camera sau trên POCO X3 Pro\" class=\" lazyloaded\" src=\"https://cdn.tgdd.vn/Files/2021/03/23/1337688/10_800x450.png\"></div><div class=\"captionnews\">\'Bộ tứ\' camera sau trên POCO X3 Pro. (Nguồn: Gizmochina)</div><p>Đầu tiên chúng ta hãy nói về camera chính, với cảm biến 48MB những hình ảnh được chụp từ camera chính có màu sắc và độ tương phản khá đẹp. Khi bật màu AI và chế độ HDR màu sắc trông thú vị và có vẻ sống động hơn dù độ bão hòa đôi khi sẽ bị tăng lên đôi chút. Trong hầu hết các điều kiện, các ảnh không điều chỉnh chế độ AI lại có màu sắc tự nhiên và gần giống với tông màu thực hơn.&nbsp;</p><div class=\"imgwrap\"><img alt=\"Hình ảnh được chụp từ camera chính có màu sắc và độ tương phản khá đẹp\" data-original=\"https://cdn.tgdd.vn/Files/2021/03/23/1337688/11_800x600.png\" title=\"Hình ảnh được chụp từ camera chính có màu sắc và độ tương phản khá đẹp\" class=\" lazyloaded\" src=\"https://cdn.tgdd.vn/Files/2021/03/23/1337688/11_800x600.png\"></div><div class=\"imgwrap\"><img alt=\"Hình ảnh được chụp từ camera chính có màu sắc và độ tương phản khá đẹp\" data-original=\"https://cdn.tgdd.vn/Files/2021/03/23/1337688/12_800x600.png\" title=\"Hình ảnh được chụp từ camera chính có màu sắc và độ tương phản khá đẹp\" class=\" lazyloaded\" src=\"https://cdn.tgdd.vn/Files/2021/03/23/1337688/12_800x600.png\"></div><div class=\"captionnews\">Hình ảnh được chụp từ camera chính có màu sắc và độ tương phản khá đẹp. (Nguồn: Gizmochina)</div><div class=\"imgwrap\"><img alt=\"Chế độ AI có hình ảnh sống động và khá sắt nét.\" data-original=\"https://cdn.tgdd.vn/Files/2021/03/23/1337688/bonghoa1_800x450.png\" title=\"Chế độ AI có hình ảnh sống động và khá sắt nét.\" class=\" lazyloaded\" src=\"https://cdn.tgdd.vn/Files/2021/03/23/1337688/bonghoa1_800x450.png\"></div><div class=\"captionnews\">Chế độ AI có hình ảnh sống động và khá sắt nét. (Nguồn: Gizmochina)</div><p>Độ phơi sáng của camera khá chính xác ngoại trừ gặp những tình huống có độ tương phản cao nhưng camera chính hoạt động tốt trong việc loại bỏ hiệu ứng viền (hiệu ứng quang sai).</p><div class=\"imgwrap\"><img alt=\"Camera góc rộng cho ra màu sắc dễ chịu\" data-original=\"https://cdn.tgdd.vn/Files/2021/03/23/1337688/14_800x600.png\" title=\"Camera góc rộng cho ra màu sắc dễ chịu\" class=\" lazyloaded\" src=\"https://cdn.tgdd.vn/Files/2021/03/23/1337688/14_800x600.png\"></div><div class=\"imgwrap\"><img alt=\"Camera góc rộng cho ra màu sắc dễ chịu\" data-original=\"https://cdn.tgdd.vn/Files/2021/03/23/1337688/13_800x600.png\" title=\"Camera góc rộng cho ra màu sắc dễ chịu\" class=\" lazyloaded\" src=\"https://cdn.tgdd.vn/Files/2021/03/23/1337688/13_800x600.png\"></div><div class=\"captionnews\">Camera góc rộng cho ra màu sắc dễ chịu. (Nguồn: Gizmochina)</div><p>Mặt khác, camera góc rộng không thể hiện dải động tốt hoặc độ tương phản cao khi so sánh với camera chính nhưng lại khá tốt trong việc tạo ra màu sắc dễ chịu. Trong hầu hết các điều kiện, khả năng chống biến dạng của camera góc rộng là khá tốt nhưng đôi khi không hoàn hảo, đặc biệt là khi bạn nhìn kỹ vào các góc của ảnh.</p><div class=\"imgwrap\"><img alt=\"Camera macro có độ phân giải khá thấp\" data-original=\"https://cdn.tgdd.vn/Files/2021/03/23/1337688/mayanhmarco_800x450.png\" title=\"Camera macro có độ phân giải khá thấp\" class=\" lazyloaded\" src=\"https://cdn.tgdd.vn/Files/2021/03/23/1337688/mayanhmarco_800x450.png\"></div><div class=\"captionnews\">Camera macro có độ phân giải khá thấp. (Nguồn: Gizmochina)</div><p>Sang đến camera macro, với cảm biến 2MB camera này có thể lấy nét đối tượng gần 4cm. Màu sắc trong các ảnh macro hơi mờ và độ phân giải thấp. Và bạn cần phải lưu ý hơn khi camera macro chỉ hoạt động ổn hơn trong điều kiện ánh sáng tốt.</p><div class=\"imgwrap\"><img alt=\"Chế độ ban đêm cân bằng tốt độ phơi sáng trên hình ảnh\" data-original=\"https://cdn.tgdd.vn/Files/2021/03/23/1337688/hieusuatchedobandem1_800x450.png\" title=\"Chế độ ban đêm cân bằng tốt độ phơi sáng trên hình ảnh\" class=\" lazyloaded\" src=\"https://cdn.tgdd.vn/Files/2021/03/23/1337688/hieusuatchedobandem1_800x450.png\"></div><div class=\"captionnews\">Chế độ ban đêm cân bằng tốt độ phơi sáng trên hình ảnh. (Nguồn: Gizmochina)</div><p>Đối với chế độ ban đêm, sự cải thiện về độ sáng thật sự đáng được ghi nhận, dù là camera chính hay camera góc rộng cũng vẫn sẽ đảm bảo trải nghiệm chụp ảnh cho bạn, thiết bị sẽ ổn định hình ảnh của bạn và cân bằng tốt độ phơi sáng.</p><h3><strong>4. Tuổi thọ và sạc pin trên Xiaomi POCO X3 Pro rất đáng mong đợi với viên pin khủng 5.156 mAh</strong></h3><div class=\"imgwrap\"><img alt=\"Đồ thị sạc pin trên POCO X3 Pro\" data-original=\"https://cdn.tgdd.vn/Files/2021/03/23/1337688/16_800x450.png\" title=\"Đồ thị sạc pin trên POCO X3 Pro\" class=\"lazy\"></div><div class=\"captionnews\">Đồ thị sạc pin trên POCO X3 Pro. (Nguồn: Gizmochina)</div><p>Thời gian sạc đầy của POCO X3 Pro không chênh lệch nhiều so với POCO X3 NFC, khoảng 1 giờ 12 phút.&nbsp;</p><div class=\"imgwrap\"><img alt=\"Đồ thị ghi lại mức tiêu thụ điện năng cho mỗi hoạt động\" data-original=\"https://cdn.tgdd.vn/Files/2021/03/23/1337688/17_800x450.png\" title=\"Đồ thị ghi lại mức tiêu thụ điện năng cho mỗi hoạt động\" class=\"lazy\"></div><div class=\"captionnews\">Đồ thị ghi lại mức tiêu thụ điện năng cho mỗi hoạt động. (Nguồn: Gizmochina)</div><p>Mức tiêu thụ điện năng trên POCO X3 Pro sau khi trải nghiệm 30 phút PUBG Mobile, 30 phút chụp ảnh, 30 phút quay video và 30 phút xem video trực tuyến thật sự là không mấy đáng kể. Với dung lượng lớn lên đến 5156 mAh, sau 2 giờ thực hiện khá nhiều thao tác nhưng chỉ tiêu thụ 30% mức điện năng, POCO X3 Pro thật sự mang đến một viên pin ấn tượng.</p><h3><strong>Tổng kết</strong></h3><p>POCO X3 Pro đã có những sự cải tiến đáng kể so với người tiền nhiệm trước đó là POCO X3 NFC và chiếc flagship này được mong đợi sẽ mang thời kỳ hoàng kim của POCO trở lại không chỉ về giá cả mà còn cả chất lượng. Bạn thấy bài viết của mình thế nào, hãy để lại cảm nghĩ cho mình biết với nhé!</p><p><em>Nguồn: <a rel=\"nofollow\" href=\"https://www.gizmochina.com/2021/03/22/poco-x3-pro-review-snapdragon-860-takes-performance-to-the-next-level/?fbclid=IwAR345bSuKQeXhJW32uN5ufUgqLtdHbViJ1JBTR8eVzC5N9WCUXHSkcvv0sk\" target=\"_blank\" title=\"Gizmochina\" type=\"Gizmochina\">Gizmochina</a></em></p>','2021-06-13 15:41:00',NULL,0,23),(2,'Tin đồn: Samsung Galaxy S22 Series đã lộ diện','https://cdn.tgdd.vn/Files/2021/03/20/1336850/nghe-don-la-samsung-galaxy-s22-renew-thumb_800x450-600x400.jpg','https://cdn.tgdd.vn/Files/2021/03/20/1336850/nghe-don-la-samsung-galaxy-s22-cover_1280x720.png','nghe-don-la-samsung-galaxy-s22','Những tin tức rò rỉ về chiếc Galaxy dòng S tiếp theo của Samsung đang bắt đầu nổi lên dần và thu hút sự chú ý của Samfans. Hãy cùng mình điểm qua một số tin đồn về Samsung Galaxy S22 trong bài viết này nhé.','<h2>Sau khi dòng&nbsp;<a href=\"https://www.thegioididong.com/dtdd\" target=\"_blank\" title=\"smartphone\" type=\"smartphone\">smartphone</a> flagship <a href=\"https://www.thegioididong.com/dtdd/samsung-galaxy-s21\" target=\"_blank\" title=\"Galaxy S21 5G\" type=\"Galaxy S21 5G\">Samsung Galaxy S21</a> được ra mắt cách đây không lâu thì những tin tức rò rỉ về dòng Galaxy S tiếp theo của <a href=\"https://www.thegioididong.com/samsung\" target=\"_blank\" title=\"Samsung\" type=\"Samsung\">Samsung</a> đang bắt đầu nổi lên dần - đó chính là <a href=\"https://www.thegioididong.com/dtdd/samsung-galaxy-s22\" target=\"_blank\" title=\"Galaxy S22\" type=\"Galaxy S22\">Galaxy S22</a>. Hãy cùng mình điểm qua một số thông tin rò rỉ trong bài viết <a href=\"https://www.thegioididong.com/tin-tuc/nghe-don-la-samsung-galaxy-s22-1336850\" target=\"_blank\" title=\"nghe đồn là Galaxy S22\" type=\"nghe đồn là Galaxy S22\">nghe đồn là Galaxy S22</a> nhé.</h2><p><em>Bài viết sẽ thường xuyên được cập nhật thông tin mới nhất về những rò rỉ của Galaxy S22 trên thị trường. Các bạn hãy lưu bài viết này để thường xuyên theo dõi những rò rỉ Galaxy S22 nổi bật nhất cho đến khi sản phẩm này chính thức ra mắt nhé.</em></p><p>Xem thêm:&nbsp;<a rel=\"nofollow\" href=\"http://Đánh giá chi tiết Samsung Galaxy A32: Liệu smartphone tầm trung nhà Samsung có đạt được kỳ vọng của người dùng?\" target=\"_blank\" title=\"Đánh giá chi tiết Samsung Galaxy A32: Liệu smartphone tầm trung nhà Samsung có đạt được kỳ vọng của người dùng?\" type=\"Đánh giá chi tiết Samsung Galaxy A32: Liệu smartphone tầm trung nhà Samsung có đạt được kỳ vọng của người dùng?\">Đánh giá chi tiết Samsung Galaxy A32: Liệu smartphone tầm trung nhà Samsung có đạt được kỳ vọng của người dùng?</a></p><h3><strong>Galaxy S22 Series đã lộ kích thước màn hình nhưng lại </strong><strong>nhỏ hơn thế hệ tiền nhiệm? (cập nhật ngày 13/06/2021)</strong></h3><p>Theo nguồn tin từ Gizmochina, Galaxy S22 Series đã lộ thông số về kích thước của màn hình và cụ thể là như sau:</p><ul><li>Galaxy S22:&nbsp;6.06 - 6.1 inch.</li><li>Galaxy S22+:&nbsp;6.55 - 6.66 inch.</li><li>Galaxy S22 Ultra:&nbsp;6.8 - 6.81 inch.</li></ul><p>Như chúng ta có thể thấy, Galaxy S22 và S22+ dường như có kích thước màn hình nhỏ hơn đôi chút so với người tiền nhiệm. Để cho các bạn dễ hình dung thì Galaxy S21&nbsp;và&nbsp;<a href=\"https://www.thegioididong.com/dtdd/samsung-galaxy-s21-plus\" target=\"_blank\" title=\"Galaxy S21+\" type=\"Galaxy S21+\">Galaxy S21+</a>&nbsp;có kích thước lần lượt là 6.2 và 6.7 inch.</p><div class=\"imgwrap\"><img alt=\"Rò rỉ cho thấy Galaxy S22 series sẽ có màn hình nhỏ hơn dòng S21\" data-original=\"https://cdn.tgdd.vn/Files/2021/06/13/1359826/galaxy-s22-ultra_800x450_800x450.jpg\" title=\"Rò rỉ cho thấy Galaxy S22 series sẽ có màn hình nhỏ hơn dòng S21\" class=\" lazyloaded\" src=\"https://cdn.tgdd.vn/Files/2021/06/13/1359826/galaxy-s22-ultra_800x450_800x450.jpg\"></div><div class=\"captionnews\">Galaxy S22 Ultra vẫn giữ nguyên kích thước màn hình giống với thế hệ trước.</div><p>Mặc dù vậy thì rất may là <a href=\"https://www.thegioididong.com/dtdd/samsung-galaxy-s22-ultra\" target=\"_blank\" title=\"Galaxy S22 Ultra\" type=\"Galaxy S22 Ultra\">Galaxy S22 Ultra</a> vẫn có kích cỡ màn hình bằng với phiên bản trước và đây cũng là mẫu duy nhất thuộc dòng Galaxy S22 được trang bị màn hình LTPO. Tuy nhiên, độ phân giải của màn hình của cả ba mẫu smartphone vẫn chưa được tiết lộ. Mình tin là mẫu Ultra sẽ có màn hình độ phân giải là WQHD+, trong khi đó thì bản Plus và tiêu chuẩn sẽ có màn hình là Full HD+.</p><p>Xem thêm: <a href=\"https://www.thegioididong.com/tin-tuc/ro-ri-thong-so-man-hinh-cua-galaxy-s22-series-1359826\" target=\"_blank\" title=\"Lộ thông số màn hình Galaxy S22 series: Chỉ có bản Ultra được nâng cấp\" type=\"Lộ thông số màn hình Galaxy S22 series: Chỉ có bản Ultra được nâng cấp\">Lộ thông số màn hình Galaxy S22 series: Chỉ có bản Ultra được nâng cấp</a></p><h3><strong>Galaxy S22 sẽ là dòng smartphone đầu tiên có chip Exynos sử dụng đồ họa AMD</strong></h3><div class=\"imgwrap\"><img alt=\"https://dantri.com.vn/suc-khoe/nam-sinh-22-tuoi-tu-vong-sau-khi-mac-covid19-20210601115145029.htm\" data-original=\"https://cdn.tgdd.vn/Files/2021/06/01/1356484/amd_800x450.jpg\" title=\"https://dantri.com.vn/suc-khoe/nam-sinh-22-tuoi-tu-vong-sau-khi-mac-covid19-20210601115145029.htm\" class=\" lazyloaded\" src=\"https://cdn.tgdd.vn/Files/2021/06/01/1356484/amd_800x450.jpg\"></div><div class=\"captionnews\">Kỳ vọng về đồ hoạ của chip Exynos mới khi được trang bị GPU AMD RDNA2. (Nguồn: Sammobile).</div><p>Cách đây không lâu tại sự kiện Computex 2021, giám đốc điều hành AMD - Tiến sĩ Lisa Su đã tuyên bố rằng&nbsp;bộ vi xử lý&nbsp;Exynos (dành cho flagship) thế hệ mới sẽ bao gồm đồ họa AMD RDNA2. Bên cạnh đó, con chip này còn sở hữu các tính năng cao cấp, giúp đồ họa có độ trung thực cao hơn và cải thiện hiệu suất của những chiếc smartphone <a href=\"https://www.thegioididong.com/dtdd-samsung-galaxy-s\" target=\"_blank\" title=\"Galaxy S\" type=\"Galaxy S\">Galaxy S</a> trong tương lai. Lisa Su cũng tuyên bố chip Exynos trang bị GPU RDNA2 sẽ ra mắt vào cuối năm 2021.</p><div class=\"imgwrap\"><img alt=\"https://dantri.com.vn/suc-khoe/nam-sinh-22-tuoi-tu-vong-sau-khi-mac-covid19-20210601115145029.htm\" data-original=\"https://cdn.tgdd.vn/Files/2021/06/01/1356484/exxynos2200_800x450.jpg\" title=\"https://dantri.com.vn/suc-khoe/nam-sinh-22-tuoi-tu-vong-sau-khi-mac-covid19-20210601115145029.htm\" class=\" lazyloaded\" src=\"https://cdn.tgdd.vn/Files/2021/06/01/1356484/exxynos2200_800x450.jpg\"></div><div class=\"captionnews\">Có một số tin đồn cho rằng chip Exynos 2200 sẽ là vi xử lý đầu tiên của Samsung có GPU AMD. (Nguồn: Sammobile).</div><p>Cho những bạn nào chưa biết thì RDNA2 là kiến &ZeroWidthSpace;&ZeroWidthSpace;trúc đồ họa mới nhất của AMD, các GPU dựa trên công nghệ này được sử dụng trong các card đồ hoạ thuộc những dòng 6000 của AMD, PS5 và Xbox Series X/S. Nói chung, nghe đến việc Exynos có GPU của AMD là mình đã vui mừng khôn xiết luôn rồi các bạn ạ, một số tin đồn còn cho rằng con chip đó chính là Exynos 2200 và Galaxy S22 Series sẽ là dòng smartphone đầu tiên được trang bị con chip này.</p><div class=\"imgwrap\"><img alt=\"Samsung Galaxy S22 Series dự kiến là dòng smartphone đầu tiên của Samsung có chip Exynos 2200. (Nguồn: AndroidAuthority).\" data-original=\"https://cdn.tgdd.vn/Files/2021/03/20/1336850/samsung-galaxy-s22-chip-exynos-2200_800x450.jpg\" title=\"Samsung Galaxy S22 Series dự kiến là dòng smartphone đầu tiên của Samsung có chip Exynos 2200. (Nguồn: AndroidAuthority).\" class=\" lazyloaded\" src=\"https://cdn.tgdd.vn/Files/2021/03/20/1336850/samsung-galaxy-s22-chip-exynos-2200_800x450.jpg\"></div><div class=\"captionnews\">Samsung Galaxy S22 Series dự kiến là dòng smartphone đầu tiên của Samsung có chip Exynos 2200. (Nguồn: AndroidAuthority).</div><p>Cá nhân mình thấy thông tin này là khá hợp lý bởi vì nếu như con chip Exynos trang bị GPU RDNA2 sẽ ra mắt vào cuối năm 2021 thì khoảng đầu năm 2022 cũng là thời điểm để Galaxy S22 Series được trình làng. Nếu đúng là sự thật thì chúng ta sắp được chứng kiến được những chiếc smartphone Galaxy với hiệu năng cực khủng và thậm chí là có thể ngang cơ với những chiếc iPhone.</p><h3><strong>Samsung Galaxy S22 Ultra sẽ có nâng cấp mạnh về camera zoom</strong></h3><p>Theo thông tin mình đọc được từ Sammobile, Samsung Galaxy S22 Ultra sẽ được nâng cấp mạnh cho ống kính tele, thay vì crop ảnh từ cảm biến chính hoặc dùng zoom kỹ thuật số và xử lý bằng phần mềm như trước đây. Đó cũng là nguyên nhân chính dẫn đến tình trạng hình hình ảnh chụp từ từ camera tele thường có chất lượng thấp.&nbsp;</p><div class=\"imgwrap\"><img alt=\"Cơ chế zoom mới trên Samsung Galaxy S22\" data-original=\"https://cdn.tgdd.vn/Files/2021/03/20/1336850/samsung-continuous-zoom-periscope-lens-mechanism_600x321_600x321.gif\" title=\"Cơ chế zoom mới trên Samsung Galaxy S22\" class=\"lazy\"></div><div class=\"captionnews\">Cơ chế zoom mới trên Samsung Galaxy S22 Ultra. Nguồn: Sammobile.</div><p>Để khắc phục tình trạng trên, Samsung đã phát triển hệ thống zoom vật lý với cơ chế thấu kính di chuyển qua lại tùy theo khoảng cách muốn zoom. Cơ chế này hoạt động giống như trên các máy ảnh DSLR. Với cơ chế mới này, Samsung hứa hẹn mang đến cho chúng ta chất lượng camera chất lượng zoom quang học cực đỉnh.</p><p>Ngoài ra, Samsung Galaxy S22 Ultra cũng như toàn bộ S22 Series có thể sẽ sử dụng camera selfie ẩn dưới màn hình. Công nghệ này tuy mới, nhưng nếu Samsung đã có ý định mang lên dòng thiết bị mới của mình thì rất có thể, hãng đã tối ưu và xử lý các vấn đề tồn đọng trên công nghệ này. Chúng ta hãy chờ đợi đến ngày máy ra mắt để xem Samsung sẽ mang đến điều bất ngờ gì cho chúng ta nhé.</p><div class=\"imgwrap\"><img alt=\"Samsung Galaxy S22 Series có thể sẽ sử dụng camera ẩn dưới màn hình\" data-original=\"https://cdn.tgdd.vn/Files/2021/03/20/1336850/galaxy-s22-ultra_800x450_800x450.jpg\" title=\"Samsung Galaxy S22 Series có thể sẽ sử dụng camera ẩn dưới màn hình\" class=\"lazy\"></div><div class=\"captionnews\">Samsung Galaxy S22 Series có thể sẽ sử dụng camera ẩn dưới màn hình. Nguồn: Sammobile.</div><p>Bên cạnh nâng cấp mạnh về camera tele và camera selfie, Samsung Galaxy S22 nghe đồn là sẽ được trang bị con chip Exynos 2200 với GPU Radeon Mobile từ AMD, hứa hẹn sẽ mang đến cho chúng ta hiệu năng mạnh mẽ trong tương lai.</p><h3><strong>Samsung Galaxy S22 sẽ bỏ đi cảm biến 3D ToF&nbsp;</strong></h3><p>Theo nguồn tin rò rỉ mới đây, Samsung Galaxy S22 sẽ loại bỏ và không sử dụng lại cảm biến 3D ToF. Cảm biến này chính có công dụng như một công cụ phát ra tia hồng ngoại quét lên vật thể và đếm khoảng thời gian cần thiết để một chùm tia phản xạ quay trở lại cảm biến và tái tạo thành một bản đồ 3D cho vật thể, chức năng này thường hiệu quả khi chụp xóa phông, nhận dạng khuôn mặt.</p><p>Công nghệ này đã từng xuất hiện trên các thiết bị trước đây của Samsung như S10 Series và S20 Series và đã bị loại bỏ khỏi dòng Note 20 Series và S21 5G Series. Lí do là cảm biến này hoạt động không mấy hiệu quả, chậm và chỉ mạnh khi sử dụng các ứng dụng AR. Nhưng hiện tại công nghệ này chưa quá phổ biến và thực dụng nên việc bị loại bỏ là điều hiển nhiên.</p><div class=\"imgwrap\"><img alt=\"Cảm biến 3D ToF vốn được trang bị trên S20 nay đã bị loại bỏ\" data-original=\"https://cdn.tgdd.vn/Files/2021/03/20/1336850/first-samsung-galaxy-s22-leak-sa_800x449_800x449.jpg\" title=\"Cảm biến 3D ToF vốn được trang bị trên S20 nay đã bị loại bỏ\" class=\"lazy\"></div><div class=\"captionnews\">Cảm biến 3D ToF vốn được trang bị trên S20 nay đã bị loại bỏ. Nguồn: Gsmarena.</div><p>Như vậy chúng ta Samsung Galaxy S22 sẽ không còn cảm biến 3D ToF nhưng mình nghĩ rằng: Samsung chắc sẽ trang bị cho máy công nghệ lấy nét hoặc cảm biến nào đó mới hơn. Dựa trên thông tin từ tuần trước, Samsung sẽ hợp tác với Olympus để tối ưu và mang đến chất lượng tốt hơn cho camera của Samsung Galaxy S22.</p><p>Liệu có phải Samsung loại bỏ 3D ToF chỉ vì ứng dụng thực tế kém hiệu quả hay đây là sự chuẩn bị của Samsung để mang đến cho chúng ta công nghệ camera nào đó mới hơn giữa hãng và Olympus? Hãy đoán xem.</p><h3><strong>Camera sau trên Galaxy S22 sẽ có sự can thiệp của Olympus?</strong></h3><div class=\"imgwrap\"><img alt=\"Sự hợp tác với Olympus cho phép Samsung cải thiện đáng kể phần ảnh chụp trên smartphone của mình.\" data-original=\"https://cdn.tgdd.vn/Files/2021/01/27/1323192/samsung-olympus-z-fold-3_800x450.png\" title=\"Sự hợp tác với Olympus cho phép Samsung cải thiện đáng kể phần ảnh chụp trên smartphone của mình.\" class=\"lazy\"></div><div class=\"captionnews\">Sự hợp tác với Olympus cho phép Samsung cải thiện đáng kể phần ảnh chụp trên smartphone của mình. (Nguồn: @heyitsyogesh).</div><p>Trước đó mình đã có đề cập đến thông tin này trong bài <a href=\"https://www.thegioididong.com/tin-tuc/nghe-don-la-galaxy-z-fold-3-1323192\" target=\"_blank\" title=\"nghe đồn là Galaxy Z Fold 3\" type=\"nghe đồn là Galaxy Z Fold 3\">nghe đồn là Galaxy Z Fold 3</a> và rất có thể Galaxy S22 cũng sẽ được hưởng ké. Cụ thể theo tài khoản Twitter có tên @heyitsyogesh cho biết, Samsung và Olympus (nhà sản xuất máy ảnh nổi tiếng của Nhật Bản) đang thảo luận về việc hợp tác để cải thiện chất lượng camera trên những chiếc smartphone của Samsung.</p><div class=\"imgwrap\"><img alt=\"leaker Ice Universe còn khẳng định rằng Samsung và Olympus đã chính thức hợp tác với nhau.\" data-original=\"https://cdn.tgdd.vn/Files/2021/01/27/1323192/samsung-olympus-z-fold-3-leak_800x450.png\" title=\"leaker Ice Universe còn khẳng định rằng Samsung và Olympus đã chính thức hợp tác với nhau.\" class=\"lazy\"></div><div class=\"captionnews\">Leaker Ice Universe cũng chia sẻ rằng Samsung và Olympus đã chính thức hợp tác với nhau. (Nguồn: Ice Universe).</div><p>Trong khi đó, leaker Ice Universe còn khẳng định rằng Samsung và Olympus đã chính thức hợp tác với nhau (dựa trên một nguồn tin uy tín mà leaker này có được). Nếu các cuộc đàm phán thành công, chúng ta có thể hy vọng rằng chất lượng camera trên những sản phẩm của Samsung sẽ xịn sò hơn, không chỉ riêng Galaxy S22 mà còn nhiều mẫu điện thoại khác của hãng trong tương lai.</p><h3><strong>Lại có thêm concept mới về Galaxy S22 Ultra, liệu thiết kế của Galaxy S22 có giống như vậy?</strong></h3><p>Mới đây vào ngày 06/04/2021, concept về Samsung Galaxy S22 Ultra đến từ kênh YouTube PEACOCK đã cho thấy máy sở hữu thiết kế thời thượng đầy tính thẩm mỹ, hiệu năng rất mạnh mẽ và đi kèm với bút S Pen đặc biệt.</p><div class=\"youtube\" style=\"width: 800px;height: 450px\" onclick=\"youtubeview(this,\'https://www.youtube.com/embed/cKYlz4ETI_Y?autoplay=1\',\'800\',450);\"><img style=\"background-image:url(https://img.youtube.com/vi/cKYlz4ETI_Y/sddefault.jpg);height: 100%!important\" alt=\"\" src=\"\"><span><i class=\"iconnews-lvideo\"></i></span></div><p>Bạn nhận xét thế nào về thiết kế của concept Samsung Galaxy S22 Ultra đến từ kênh YouTube PEACOCK?</p><p>Cụ thể thì PEACOCK hình dung concept Samsung Galaxy S22 Ultra có camera chính 192 MP, dùng chip Snapdragon 888, RAM 18 GB và hỗ trợ cả bút cảm ứng. Màn hình của điện thoại có kích thước 6.7 inch vói thiết kế tràn viền, sử dụng tấm nền Dynamic AMOLED 4X với tốc độ làm tươi 160 Hz và hỗ trợ HDR10+.</p><div class=\"imgwrap\"><img alt=\"Ấn tượng với concept Samsung Galaxy S22 Ultra có camera 192MP, RAM 18GB và đi kèm với bút cảm ứng được tích hợp camera\" data-original=\"https://cdn.tgdd.vn/Files/2021/04/05/1340834/concept-galaxy-s22-uiltra-display-_1600x900-800-resize.jpg\" title=\"Ấn tượng với concept Samsung Galaxy S22 Ultra có camera 192MP, RAM 18GB và đi kèm với bút cảm ứng được tích hợp camera\" class=\"lazy\"></div><div class=\"captionnews\">Trong video concpet, Galaxy S22 Ultra sở hữu thiết kế màn hình tràn viền cùng phần cạnh màn hình cực mỏng, rất có thể Galaxy S22 sẽ được thừa hưởng thiết kế đó. (Nguồn: PEACOOK).</div><p>Mặt lưng của điện thoại mang hơi hướng giống như <a href=\"https://www.thegioididong.com/dtdd/oppo-x-2021\" target=\"_blank\" title=\"OPPO X 2021\" type=\"OPPO X 2021\">OPPO X 2021</a> với hai phần được kết hợp với nhau cùng sự phối màu khéo léo. Trong khi đó, phiên bản màu vàng gợi nhớ đến OnePlus McLaren hoặc <a href=\"https://www.thegioididong.com/dtdd/realme-gt-5g\" target=\"_blank\" title=\"Realme GT 5G\" type=\"Realme GT 5G\">Realme GT 5G</a> mới. Cuối cùng, dàn camera sau không còn nhô lên nữa mà nằm liền lạc với mặt lưng, các cảm biến và đèn LED flash được bố trí cách điệu nằm chung bên mảng màu của logo Samsung.</p><div class=\"imgwrap\"><img alt=\"Ấn tượng với concept Samsung Galaxy S22 Ultra có camera 192MP, RAM 18GB và đi kèm với bút cảm ứng được tích hợp camera\" data-original=\"https://cdn.tgdd.vn/Files/2021/04/05/1340834/concept-galaxy-s22-uiltra-camera-_1600x900-800-resize.jpg\" title=\"Ấn tượng với concept Samsung Galaxy S22 Ultra có camera 192MP, RAM 18GB và đi kèm với bút cảm ứng được tích hợp camera\" class=\"lazy\"></div><div class=\"captionnews\">Thiết kế mặt lưng của Galaxy S22 Ultra trong video concept. (Nguồn: PEACOOK).</div><p>Thường các video concept rất hiếm khi trở thành sự thật nhưng biết đâu chiếc Galaxy S22 của chúng ta lại sở hữu thiết kế đó thì sao nhỉ? Thật ra mình vẫn nghĩ rằng mẫu Galaxy S22 sẽ có thiết kế không thay đổi quá nhiều so với người tiền nhiệm là Galaxy S21 vì mình tin là vẫn có một bộ phận người dùng chưa hết ấn tượng với thiết kế trên dòng Galaxy S21 Series.</p><div class=\"imgwrap\"><img alt=\"Quý 1/2021: Lợi nhuận của Samsung tăng 45% nhờ doanh số bán thiết bị gia dụng và smartphone, nhất là dòng Galaxy S21\" data-original=\"https://cdn.tgdd.vn/Files/2021/04/07/1341525/galaxy-s21_800x450.jpg\" title=\"Quý 1/2021: Lợi nhuận của Samsung tăng 45% nhờ doanh số bán thiết bị gia dụng và smartphone, nhất là dòng Galaxy S21\" class=\"lazy\"></div><div class=\"captionnews\">Lợi nhuận trong Q1/2021 của Samsung có thể đã tăng 45% nhờ một phần vào dòng Galaxy S21. (Nguồn: Samsung).</div><p>Nếu bạn không tin thì theo báo cáo sơ bộ gần đây, lợi nhuận của Samsung có thể đã tăng 45% trong quý 1, tức từ tháng 1 đến tháng 3/2021, nhờ vào doanh số bán thiết bị gia dụng và smartphone, nhất là dòng Galaxy S21 đã góp công không nhỏ. Chắc chắn là do người dùng cảm thấy thích thiết kế trên dòng flagship này.</p><h3><strong>Samsung Galaxy S22 sẽ có camera selfie ẩn dưới màn hình</strong></h3><p>Rò rỉ đáng lưu tâm nhất trên dòng <a href=\"https://www.thegioididong.com/dtdd/samsung-galaxy-s22\" target=\"_blank\" title=\"Galaxy S22\">Galaxy S22</a> chính là phần màn hình, hay cụ thể là màn hình tại vị trí camera selfie.&nbsp;Một bằng sáng chế của Samsung được phê duyệt vào cuối năm ngoái có mô tả một thiết bị có camera selfie được ẩn hoàn toàn khi không sử dụng, bằng cách sử dụng một cơ chế phức tạp. Nhìn vào hình ảnh mô tả trong bằng sáng chế, Samsung sử dụng một màn hình phụ để che đi lỗ khoét cho camera selfie khi không sử dụng.</p><div class=\"imgwrap\"><img alt=\"Cơ chế màn hình phụ được mô tả trong bảng thiết kế của Samsung\" data-original=\"https://cdn.tgdd.vn/Files/2021/03/20/1336850/s222_600x396.gif\" title=\"Cơ chế màn hình phụ được mô tả trong bảng thiết kế của Samsung\" class=\"lazy\"></div><div class=\"captionnews\">Cơ chế màn hình phụ được mô tả trong bảng thiết kế của Samsung. Nguồn: LetsGoDigital.</div><p>Hiện trên thị trường đã có smartphone sử dụng camera selfie ẩn dưới màn hình, điển hình là <a href=\"https://www.thegioididong.com/dtdd/zte-axon-20-5g\" target=\"_blank\" title=\"ZTE Axon 20 5G\" type=\"ZTE Axon 20 5G\">ZTE Axon 20 5G</a> hay <a href=\"https://www.thegioididong.com/dtdd/vsmart-aris-pro\" target=\"_blank\" title=\"Vsmart Aris Pro\" type=\"Vsmart Aris Pro\">Vsmart Aris Pro</a>. Tuy nhiên&nbsp;hình ảnh thu được trên 2 sản phẩm có chất lượng không cao do vấn đề ánh sáng khi đi xuyên qua màn hình. Thế nên giải pháp của Samsung có vẻ hoàn thiện hơn khi vừa tạo ra một màn hình không khiếm khuyết và đảm bảo camera selfie không bị cản trở khi đang hoạt động. Khá thú vị đúng không nào.</p><div class=\"imgwrap\"><img alt=\"Minh họa cơ chế hoạt động của màn hình phụ che camera\" data-original=\"https://cdn.tgdd.vn/Files/2021/03/20/1336850/s221_600x417.gif\" title=\"Minh họa cơ chế hoạt động của màn hình phụ che camera\" class=\"lazy\"></div><div class=\"captionnews\">Ảnh minh họa cơ chế hoạt động của màn hình phụ che camera. Nguồn: LetsGoDigital.</div><p>Ngoài ra, theo&nbsp;nguồn tin từ leaker @MauriQHD, Galaxy S22 sẽ mỏng hơn so với chiếc smartphone tiền nhiệm Galaxy S21 dựa theo các mẫu thử của Galaxy S22. Tuy một chiếc smartphone có kích thước mỏng sẽ rất hấp dẫn nhưng thời lượng pin giảm có thể sẽ khiến người người phải cân nhắc.</p><h3><strong>Camera trên Galaxy S22 sẽ có thể quay video 8K 60 FPS</strong></h3><p>Leaker @MauriQHD còn cho biết Galaxy S22 sẽ có khả năng quay video 8K 60 FPS. Đây sẽ là một cải tiến đáng giá so với Galaxy S21 Ultra chỉ đạt được tốc độ 24 FPS khi quay video 8K. Tuy nhiên giới hạn quay video chỉ đạt được 5 phút bởi tính năng này sẽ khiến chiếc smartphone trở nên vô cùng nóng.</p><div class=\"imgwrap\"><img alt=\"Hiện tại camera trên Galaxy S22 Ultra chỉ có thể quay video 8K 24 fps mà thôi\" data-original=\"https://cdn.tgdd.vn/Files/2021/03/20/1336850/77713_07_samsungs-next-gen-galaxy-s22-might-shoot-8k-60fps-video-in-2022_800x449.png\" title=\"Hiện tại camera trên Galaxy S22 Ultra chỉ có thể quay video 8K 24 fps mà thôi\" class=\"lazy\"></div><div class=\"captionnews\">Hiện tại camera trên Galaxy S22 Ultra chỉ có thể quay video 8K 24 FPS mà thôi. Nguồn: TweakTown.</div><p>Leaker này còn chia sẻ thêm, có khả năng Samsung sẽ chưa áp dụng tính năng quay video 8K 60 FPS trên Galaxy S22 mà sẽ cải thiện vấn đề nhiệt độ của tính năng này và áp dụng nó trên dòng Galaxy S23, cho phép người dùng quay video 8K 60 FPS mà vẫn không bị giới hạn về mặt thời gian.</p><p>Hiện tại tuy màn hình 8K vẫn chưa thật sự phổ biến do mức giá còn quá cao, nhưng với tính năng này thì Galaxy S22 (hoặc Galaxy S23) chắc chắn sẽ trở nên hữu ích trong tương lai, khi những chiếc TV 8K có mức giá dễ tiếp cận hơn đối với người mua.</p><h3><strong>Concept về Galaxy S22 Ultra xuất hiện, dự báo Galaxy S22 cũng ấn tượng không kém</strong></h3><p>Kênh YouTube Technizo Concept mới đây đã đăng tải một đoạn video giới thiệu concept <a href=\"https://www.thegioididong.com/dtdd/samsung-galaxy-s22-ultra\" target=\"_blank\" title=\"Galaxy S22 Ultra\">Galaxy S22 Ultra</a>. Theo đoạn video, Galaxy S22 Ultra sẽ sử dụng công nghệ camera ẩn dưới màn hình, tạo nên không màn hình tràn viền không khiếm khuyết đúng nghĩa.&nbsp;</p><div class=\"imgwrap\"><img alt=\"Concept Galaxy S22 Ultra\" title=\"Concept Galaxy S22 Ultra\" data-original=\"https://cdn.tgdd.vn/Files/2021/03/02/1331859/galaxy-s22-ultra-5_800x450.jpg\" class=\"lazy\"></div><div class=\"captionnews\">Màn hình không khuyết điểm của Galaxy S22 Ultra. Nguồn: Technizo Concept.</div><p>Nằm nổi bật trên mặt lưng, Galaxy S22 Ultra vẫn giữ kiểu thiết kế cụm camera nằm liền mạch với khung viền, như người tiền nhiệm Galaxy S21 Ultra. Cá nhân mình cho rằng Galaxy S22 cũng sẽ thừa hưởng một thiết kế nào đó tương tự như thiết kế rò rỉ của Galaxy S22 Ultra.</p><p>Có thông tin cho rằng Galaxy S22 sẽ được trang bị camera lên đến 108 MP. Trong khi đó, Galaxy S22 Ultra sẽ sở hữu camera chính lên đến 200 MP.</p><div class=\"imgwrap\"><img alt=\"Concept Galaxy S22 Ultra\" title=\"Concept Galaxy S22 Ultra\" data-original=\"https://cdn.tgdd.vn/Files/2021/03/02/1331859/galaxy-s22-ultra1_800x450.jpg\" class=\"lazy\"></div><div class=\"captionnews\">Cụm camera mới lạ và tối giản số lượng ống kính. Nguồn: Technizo Concept. </div><p>Ngoài ra vẫn chưa có thông tin về số lượng ống kính phía sau của Galaxy S22. Ngay khi có thông tin mới nhất, mình sẽ cập nhật liền và thông báo cho các bạn nhé.</p><center><div class=\"youtube\" style=\"width: 800px;height: 450px\" onclick=\"youtubeview(this,\'https://www.youtube.com/embed/oFXhFwcjcB8?autoplay=1\',\'800\',450);\"><img style=\"background-image:url(https://img.youtube.com/vi/oFXhFwcjcB8/sddefault.jpg);height: 100%!important\" alt=\"\" src=\"\"><span><i class=\"iconnews-lvideo\"></i></span></div></center><div class=\"captionnews\">Video giới thiệu concept Galaxy S22 Ultra. Nguồn: Technizo Concept.</div><h3><b>Ngày ra mắt và mức giá của Samsung Galaxy S22</b></h3><p>Tuy chưa có thông tin về ngày ra mắt và mức giá của Samsung Galaxy S22, ta có thể dự đoán rằng Samsung sẽ giữ nguyên lịch trình ra mắt dòng flagship này vào tháng 1.</p><p>Đối với mức giá, có khả năng cao sau khi đã giảm giá đáng kể cho dòng Galaxy S21, Samsung sẽ tiếp tục giữ mức giá khởi điểm là 799 USD (khoảng 18.44 triệu đồng) cho Galaxy S22 để giữ được sức hấp dẫn của dòng Galaxy S.</p><div class=\"imgwrap\"><img alt=\"Mức giá trên ba phiên bản của Galaxy S22 có thể sẽ giữ nguyên so với tiền nhiệm\" data-original=\"https://cdn.tgdd.vn/Files/2021/03/20/1336850/s221_800x450.jpg\" title=\"Mức giá trên ba phiên bản của Galaxy S22 có thể sẽ giữ nguyên so với tiền nhiệm\" class=\"lazy\"></div><div class=\"captionnews\">Mức giá trên ba phiên bản của Galaxy S22 có thể sẽ giữ nguyên so với tiền nhiệm. Nguồn: Tom\'s Guide.</div><p>Bên trên là tất cả những tin tức rò rỉ về Samsung Galaxy S22. Những tin tức rò rỉ có thể mang tính tham khảo cho đến khi sản phẩm được chính thức ra mắt. Tuy nhiên đây vẫn là những thông tin bổ ích giúp chúng ta hình dung và đặt kỳ vọng cho chiếc flagship tiếp theo của Samsung. Theo bạn đâu mới là cải tiến đáng giá nhất trên Galaxy S22?</p><p>Cám ơn các bạn độc giả đã theo dõi bài viết của mình.</p><p>Xem thêm:&nbsp;<a rel=\"nofollow\" href=\"http://TOP những chiếc Galaxy A 2021 cực kỳ đáng sở hữu đến từ Samsung, hiện đang và sắp được bán ra tại Thế Giới Di Động\" target=\"_blank\" title=\"TOP những chiếc Galaxy A 2021 cực kỳ đáng sở hữu đến từ Samsung, hiện đang và sắp được bán ra tại Thế Giới Di Động\" type=\"TOP những chiếc Galaxy A 2021 cực kỳ đáng sở hữu đến từ Samsung, hiện đang và sắp được bán ra tại Thế Giới Di Động\">TOP những chiếc Galaxy A 2021 cực kỳ đáng sở hữu đến từ Samsung, hiện đang và sắp được bán ra tại Thế Giới Di Động</a></p>','2021-06-11 15:41:00',NULL,0,7),(3,'Cách tắt chế độ nhà phát triển trên Android','https://cdn.tgdd.vn/Files/2016/11/18/915189/tat-che-do-nha-phat-trien-android_800x450.jpg',NULL,'tat-che-do-nha-phat-trien-android','Ở bài viết trước mình đã giới thiệu với các bạn nhiều tính năng hay ho nằm trong chế độ nhà phát triển trên điện thoại Android. Cách kích hoạt chế độ này mình cũng đã hướng dẫn kỹ. Và bài viết này, mình sẽ hướng dẫn cách tắt nó đi nhanh chóng cho bạn nào không muốn sử dụng nữa.','<h2>Ở bài viết trước mình đã giới thiệu với các bạn nhiều tính năng hay ho nằm trong <a href=\"https://www.thegioididong.com/tin-tuc/tim-kiem?key=ch%E1%BA%BF+%C4%91%E1%BB%99+nh%C3%A0+ph%C3%A1t+tri%E1%BB%83n\" target=\"_blank\" title=\"chế độ nhà phát triển\" type=\"chế độ nhà phát triển\">chế độ nhà phát triển</a> trên <a href=\"https://www.thegioididong.com/dtdd\" target=\"_blank\" title=\"Điện thoại\" type=\"Điện thoại\">điện thoại</a> Android. Cách kích hoạt chế độ này mình cũng đã hướng dẫn kỹ. Và bài viết này, mình sẽ hướng dẫn cách tắt nó đi nhanh chóng cho bạn nào không muốn sử dụng nữa.</h2><p>Xem thêm:&nbsp;<a href=\"https://www.thegioididong.com/tin-tuc/7-tinh-nang-an-cuc-hay-tren-android-ban-se-bat-ngo-khi-biet-915150\" target=\"_blank\" title=\"7 tính năng ẩn cực hay trên Android chắc chắn bạn sẽ bất ngờ khi biết\" type=\"7 tính năng ẩn cực hay trên Android chắc chắn bạn sẽ bất ngờ khi biết\">7 tính năng ẩn cực hay trên Android chắc chắn bạn sẽ bất ngờ khi biết</a></p><h3><strong>Hướng dẫn cách tắt chế độ nhà phát triển trên điện thoại Android</strong></h3><p><strong>Lưu ý: </strong>Trong bài viết này mình sử dụng trên điện thoại Samsung, bạn đều có thể làm tương tự trên điện thoại Android khác nhưng giao diện có thể khác đi một chút.</p><p>Nhắc lại một tí, bạn có thể bật chế độ nhà phát triển lên bằng cách truy cập vào <strong>Cài đặt &gt; Thông tin phần mềm &gt; Chọn liên tục vào số hiệu bản tạo</strong> đến khi điện thoại hiện ra thông tin về chế độ nhà phát triển.</p><div class=\"imgwrap\"><img alt=\"Chế độ nhà phát triển\" data-original=\"https://cdn.tgdd.vn/Files/2016/11/18/915189/chedonhaphattrien4_3464x3464-800-resize.jpg\" title=\"Chế độ nhà phát triển\" class=\" lazyloaded\" src=\"https://cdn.tgdd.vn/Files/2016/11/18/915189/chedonhaphattrien4_3464x3464-800-resize.jpg\"></div><p><strong>Bước 1:</strong> Để tắt chế độ này đi, bạn chọn vào phần <strong>Chế độ nhà phát triển</strong> trong <strong>Cài đặt </strong>và chọn vào mục <strong>bật tắt </strong>ở phía trên cùng.</p><div class=\"imgwrap\"><img alt=\"Chế độ nhà phát triển\" data-original=\"https://cdn.tgdd.vn/Files/2016/11/18/915189/chedonhaphattrien3_3464x3464-800-resize.jpg\" title=\"Chế độ nhà phát triển\" class=\" lazyloaded\" src=\"https://cdn.tgdd.vn/Files/2016/11/18/915189/chedonhaphattrien3_3464x3464-800-resize.jpg\"></div><p><strong>Bước 2:</strong> Bạn thoát ra khỏi ứng dụng<strong> Cài đặt &gt; Xóa đa nhiệm. </strong></p><div class=\"imgwrap\"><img alt=\"Chế độ nhà phát triển\" data-original=\"https://cdn.tgdd.vn/Files/2016/11/18/915189/chedonhaphattrien2_3464x3464-800-resize.jpg\" title=\"Chế độ nhà phát triển\" class=\" lazyloaded\" src=\"https://cdn.tgdd.vn/Files/2016/11/18/915189/chedonhaphattrien2_3464x3464-800-resize.jpg\"></div><p><strong>Bước 3: </strong>Cuối cùng là mở lại <strong>Cài đặt</strong> và bạn sẽ thấy mục <strong>Chế độ nhà phát triển</strong> biến mất.</p><div class=\"imgwrap\"><img alt=\"Chế độ nhà phát triển\" data-original=\"https://cdn.tgdd.vn/Files/2016/11/18/915189/chedonhaphattrien1_3464x3464-800-resize.jpg\" title=\"Chế độ nhà phát triển\" class=\"lazy\"></div><p>Vậy là chế độ nhà phát triển đã được tắt đi rồi. Chúc các bạn thành công nhé!</p><p><strong>Xem thêm</strong>:</p><ul><li><a href=\"https://www.thegioididong.com/tin-tuc/dem-tinh-nang-cham-2-lan-de-tat-man-hinh-len-moi-may-android-914895\" target=\"_blank\" title=\"Đem tính năng chạm 2 lần để tắt màn hình lên mọi máy Android\" type=\"Đem tính năng chạm 2 lần để tắt màn hình lên mọi máy Android\">Đem tính năng chạm 2 lần để tắt màn hình lên mọi máy Android</a></li><li><a href=\"https://www.thegioididong.com/tin-tuc/moi-ban-tai-ve-nhung-hinh-nen-ma-thuat-day-quyen-ru-914849\" target=\"_blank\" title=\"Mời bạn tải về những hình nền ma thuật đầy quyến rủ\" type=\"Mời bạn tải về những hình nền ma thuật đầy quyến rủ\">Mời bạn tải về những hình nền ma thuật đầy quyến rủ</a></li></ul>','2021-06-10 15:41:00',NULL,0,8),(5,'Mẹo tăng tốc độ sạc pin trên máy tính','https://cdn.tgdd.vn/Files/2021/06/11/1359474/sacpinnhanhcholaptop-_1366x768-800-resize.jpg',NULL,'meo-tang-toc-do-sac-pin-tren-may-tinh-nhanh','Sạc pin trên laptop là vấn đề rất nhức đầu với nhiều bạn và một phần lý do đến từ việc pin sạc quá chậm. Tuy nhiên, khó khăn nào cũng có thể giải quyết và bài viết này sẽ giúp bạn giải quyết vấn đề sạc pin trên laptop bị chậm chỉ trong tích tắc.','<h2>Sạc pin trên <a href=\"https://www.thegioididong.com/laptop\" target=\"_blank\" title=\"Laptop\" type=\"Laptop\">laptop</a> là vấn đề rất nhức đầu với nhiều bạn và một phần lý do đến từ việc pin sạc quá chậm. Tuy nhiên, khó khăn nào cũng có thể giải quyết và bài viết này sẽ giúp bạn giải quyết vấn đề sạc pin trên laptop bị chậm chỉ trong tích tắc.</h2><p><strong>Lưu ý: Bài viết này được mình viết với những công nghệ pin hiện đại, những bạn xài laptop đời sâu nên cân nhắc nhé.</strong></p><h3><strong>1. Sạc pin nhanh bằng phần cứng</strong></h3><p>Để sạc nhanh cho laptop ngoài việc laptop có hỗ trợ sạc nhanh thì ta phải có một bộ sạc nhanh là điều không thể thiếu. Nếu như bộ sạc không thể sạc nhanh nguồn điện sạc vẫn ở mức thấp thì nó không ý nghĩa phải không nào.</p><div class=\"imgwrap\"><img alt=\"sạc pin nhanh cho laptop \" data-original=\"https://cdn.tgdd.vn/Files/2021/06/11/1359474/sacpinnhanhcholaptop1-_1366x768-800-resize.jpg\" title=\"sạc pin nhanh cho laptop \" class=\" lazyloaded\" src=\"https://cdn.tgdd.vn/Files/2021/06/11/1359474/sacpinnhanhcholaptop1-_1366x768-800-resize.jpg\"></div><p>Hầu hết các laptop có cổng sạc USB Type C đều có thể sạc nhanh (Power Delivery hay còn gọi là PD), hình dạng được phân biệt bằng hình bầu dục. Thông thường cổng Type có thể dẫn dòng điện tối đa lên tới 100W và rất nhiều laptop được trang bị sạc nhanh nhưng bộ sạc đi kèm có công suất thấp hơn.</p><div class=\"imgwrap\"><img alt=\"sạc pin nhanh cho laptop \" data-original=\"https://cdn.tgdd.vn/Files/2021/06/11/1359474/sacpinnhanhcholaptop2-_1366x768-800-resize.jpg\" title=\"sạc pin nhanh cho laptop \" class=\" lazyloaded\" src=\"https://cdn.tgdd.vn/Files/2021/06/11/1359474/sacpinnhanhcholaptop2-_1366x768-800-resize.jpg\"></div><div class=\"captionnews\">Cổng sạc USB-C trên laptop có hỗ trợ sạc nhanh</div><p>Chính vì thế, anh em nên có thể lên trang chủ một số trang Web để kiểm tra khả năng sạc pin trên laptop của mình. Sau đó, anh em chuẩn bị bộ sạc nhanh có công suất tương đương.</p><div class=\"imgwrap\"><img alt=\"sạc pin nhanh cho laptop \" data-original=\"https://cdn.tgdd.vn/Files/2021/06/11/1359474/sacpinnhanhcholaptop3-_1366x768-800-resize.jpg\" title=\"sạc pin nhanh cho laptop \" class=\"lazy\"></div><p><strong>Lưu ý: </strong>Anh em cần chọn bộ sạc chuẩn và có thương hiệu uy tín, vì pin trên laptop rất lớn nên điều này sẽ bảo vệ an toàn cho anh em.</p><div class=\"imgwrap\"><img alt=\"sạc pin nhanh cho laptop \" data-original=\"https://cdn.tgdd.vn/Files/2021/06/11/1359474/sacpinnhanhcholaptop4-_1366x768-800-resize.jpg\" title=\"sạc pin nhanh cho laptop \" class=\"lazy\"></div><h3><strong>2. Sạc nhanh bằng phần mềm trên máy</strong></h3><p>Những hãng sản xuất thường sẽ cung cấp một phần mềm trên máy để anh em có thể kiểm soát hiệu năng cũng như các thành phần khác trên máy. Trên laptop anh em thường sử dụng thường xuyên và làm việc lâu dài ngay cả khi đang sạc. Chính vì thế các hãng sẽ cung cấp cho anh em tùy chọn bật tắt sạc nhanh trên máy để tránh chai pin.</p><div class=\"imgwrap\"><img alt=\"sạc pin nhanh cho laptop \" data-original=\"https://cdn.tgdd.vn/Files/2021/06/11/1359474/sacpinnhanhcholaptop5-_1366x768-800-resize.jpg\" title=\"sạc pin nhanh cho laptop \" class=\"lazy\"></div><p>Ở đây mình sử dụng laptop Lenovo nên có phần mềm tên là Lenovo Vantage, tương tự với những thiết bị khác sẽ có phần mềm tương ứng. Anh em chỉ cần chọn vào hình viên pin trên Taskbar và bật tính năng Rapid Charge (sạc nhanh độc quyền của Lenovo) để cho máy sạc nhanh hơn.</p><div class=\"imgwrap\"><img alt=\"sạc pin nhanh cho laptop \" data-original=\"https://cdn.tgdd.vn/Files/2021/06/11/1359474/sacpinnhanhcholaptop6-_1366x768-800-resize.jpg\" title=\"sạc pin nhanh cho laptop \" class=\"lazy\"></div><p>Như vậy mình đã giúp anh em tiết kiệm thời gian sạc pin trên laptop nhiều lần. Nếu thấy bài viết hữu ích cho mình xin một like và một share nhé. Rất cảm ơn anh em đã xem bài viết.</p><p><strong>Xem thêm:</strong></p><ul><li><a href=\"https://www.thegioididong.com/tin-tuc/bao-ve-su-rieng-tu-khi-luot-web-tren-google-chrome-voi-browser-block-1356868\" target=\"_blank\" title=\"Bảo vệ sự riêng tư của bạn khi lướt web trên trình duyệt Google Chrome với ứng dụng Browser block\" type=\"Bảo vệ sự riêng tư của bạn khi lướt web trên trình duyệt Google Chrome với ứng dụng Browser block\">Bảo vệ sự riêng tư của bạn khi lướt web trên trình duyệt Google Chrome với ứng dụng Browser block</a></li><li><a href=\"https://www.thegioididong.com/tin-tuc/cach-tao-man-hinh-cho-dong-ho-dem-gio-tren-windows-10-1356752\" target=\"_blank\" title=\"Cách tạo màn hình chờ đồng hồ đếm giờ trên Windows 10, biến máy tính của bạn trở nên không đụng hàng\" type=\"Cách tạo màn hình chờ đồng hồ đếm giờ trên Windows 10, biến máy tính của bạn trở nên không đụng hàng\">Cách tạo màn hình chờ đồng hồ đếm giờ trên Windows 10, biến máy tính của bạn trở nên không đụng hàng</a></li></ul>','2021-06-01 15:41:00',NULL,0,34),(6,'Trên tay POCO M3 Pro 5G: Phong cách thiết kế trẻ trung','https://cdn.tgdd.vn/Files/2021/06/09/1358767/thumb_800x450-300x200.jpg','https://cdn.tgdd.vn/Files/2021/06/09/1358767/cv_1280x720.jpg','tren-tay-poco-m3-pro-5g','Cùng mình khám phá những hình ảnh hot nhất về chiếc POCO M3 Pro 5G này ngay thôi nào!','<h2>Sau sự thành công của <a href=\"https://www.thegioididong.com/dtdd/xiaomi-poco-m3\" target=\"_blank\" title=\"POCO M3\" type=\"POCO M3\">POCO M3</a> vào năm ngoái,<a href=\"https://www.thegioididong.com/dtdd-xiaomi\" target=\"_blank\" title=\" Xiaomi\" type=\" Xiaomi\"> Xiaomi</a> mới đây vừa chính thức ra mắt phiên bản cải tiến của điện thoại này với tên gọi là <a href=\"https://www.thegioididong.com/dtdd/xiaomi-poco-m3-pro\" target=\"_blank\" title=\"POCO M3 Pro 5G\" type=\"POCO M3 Pro 5G\">POCO M3 Pro 5G</a>. Đây là một phiên bản có thiết kế mới, tập trung vào sự nâng cấp về khả năng kết nối 5G cùng loạt tính năng thú vị của camera trong phân khúc <a href=\"https://www.thegioididong.com/dtdd\" target=\"_blank\" title=\"smartphone\" type=\"smartphone\">smartphone</a> giá rẻ. Cùng mình khám phá những hình ảnh hot nhất về chiếc&nbsp;POCO M3 Pro 5G này ngay thôi nào!</h2><p>Bài viết tham khảo từ <a rel=\"nofollow\" href=\"https://www.youtube.com/watch?v=pg-ubOONryM\" target=\"_blank\" title=\"YugaTech\" type=\"YugaTech\">YugaTech</a> và <a href=\"https://www.gsmarena.com/poco_m3_pro_5g-review-2275p2.php\" rel=\"nofollow\" target=\"_blank\" title=\"GSMArena\" type=\"GSMArena\">GSMArena</a>.</p><p>Xem thêm:&nbsp;</p><ul><li><a href=\"https://www.thegioididong.com/tin-tuc/tren-tay-nokia-g10-1356645\" target=\"_blank\" title=\"Trên tay Nokia G10: Thiết kế sang trọng, mức giá ngọt ngào nhìn là yêu\" type=\"Trên tay Nokia G10: Thiết kế sang trọng, mức giá ngọt ngào nhìn là yêu\">Trên tay Nokia G10: Thiết kế sang trọng, mức giá ngọt ngào nhìn là yêu</a></li><li><a href=\"https://www.thegioididong.com/tin-tuc/tren-tay-nubia-red-magic-6-1358503\" target=\"_blank\" title=\"Trên tay Nubia Red Magic 6: Màn hình 165 Hz cực đỉnh, Snapdragon 888\" type=\"Trên tay Nubia Red Magic 6: Màn hình 165 Hz cực đỉnh, Snapdragon 888\">Trên tay Nubia Red Magic 6: Màn hình 165 Hz cực đỉnh, Snapdragon 888</a></li></ul><h3><strong>POCO M3 Pro 5G giá bao nhiêu?</strong></h3><p>Được định hướng nằm trong trong phân khúc smartphone giá rẻ, POCO M3 Pro 5G ra mắt tại thị trường Châu Âu mức giá&nbsp;200 Euro (khoảng 5.6 triệu đồng) cho phiên bản RAM 6 GB, ROM 128 GB. Còn tại Việt Nam, cũng là phiên bản này sẽ được bán với giá&nbsp;5.490.000 đồng, nghe thật hấp dẫn phải không nào?</p><div class=\"imgwrap\"><img alt=\"POCO M3 Pro\" data-original=\"https://cdn.tgdd.vn/Files/2021/06/09/1358767/15_800x450.jpg\" title=\"POCO M3 Pro\" class=\" lazyloaded\" src=\"https://cdn.tgdd.vn/Files/2021/06/09/1358767/15_800x450.jpg\"></div><div class=\"captionnews\">POCO M3 Pro 5G. Nguồn: GSMArena.</div><h3><strong>Mở hộp POCO M3 Pro 5G</strong></h3><p>Đầu tiên, hộp đựng của POCO M3&nbsp;Pro 5G&nbsp;có tông màu vàng và dòng chữ màu đen khá nổi là tên của sản phẩm. Phụ kiện đi kèm theo với sản phẩm cũng khá đầy đủ bao gồm: Cây chọc SIM, miếng dán bảo vệ, sách hướng dẫn sử dụng, ốp lưng trong suốt chất silicon.</p><div class=\"imgwrap\"><img alt=\"POCO M3 Pro 5G\" data-original=\"https://cdn.tgdd.vn/Files/2021/06/09/1358767/1_800x450.jpg\" title=\"POCO M3 Pro 5G\" class=\"lazy\"></div><div class=\"captionnews\">Hộp đựng của POCO M3&nbsp;Pro 5G trông khá nổi đấy. Nguồn: YugaTech.&nbsp;</div><div class=\"imgwrap\"><img alt=\"POCO M3 Pro 5G\" data-original=\"https://cdn.tgdd.vn/Files/2021/06/09/1358767/12_1280x720-800-resize.jpg\" title=\"POCO M3 Pro 5G\" class=\"lazy\"></div><div class=\"captionnews\">Bộ phụ kiện đi kèm POCO M3 Pro 5G đây rồi. Nguồn:&nbsp;YugaTech. </div><p>Hộp đựng POCO M3&nbsp;Pro 5G&nbsp;chỉ thiếu mỗi tai nghe nhưng lại phù hợp xu thế chung khi hầu hết các hãng sản xuất đang lược bỏ dần tai nghe trên sản phẩm giá rẻ. Ngoài ra, bạn còn có cáp sạc USB-C, củ sạc công suất tối đa 22.5 W</p><div class=\"imgwrap\"><img alt=\"POCO M3 Pro 5G\" data-original=\"https://cdn.tgdd.vn/Files/2021/06/09/1358767/14_800x450.jpg\" title=\"POCO M3 Pro 5G\" class=\"lazy\"></div><div class=\"captionnews\">POCO M3 Pro 5G trước khi bị bóc tem sẽ trông như này. Nguồn: YugaTech.</div><div class=\"imgwrap\"><img alt=\"POCO M3 Pro 5G\" data-original=\"https://cdn.tgdd.vn/Files/2021/06/09/1358767/13_1280x720-800-resize.jpg\" title=\"POCO M3 Pro 5G\" class=\"lazy\"></div><div class=\"captionnews\">Tí thì quên mất 2 thứ phụ kiện quan trọng này. Nguồn:&nbsp;YugaTech. </div><h3><strong>POCO M3 Pro 5G&nbsp;mang vẻ ngoài ấn tượng không lẫn vào đâu</strong></h3><p>POCO M3 Pro 5G có ngoại hình tương đối khác biệt, kiểu dáng thân máy cứng cáp và trẻ trung, đặc biệt đến từ mặt lưng với cụm camera nổi bật. Khối lượng của máy là 190 gram, đem lại cảm giác cầm khá đầm tay, có thể vì tích hợp màn hình lớn và viên pin khủng nữa cho nên những bạn nam tay to sử dụng thì sẽ phù hợp hơn.</p><div class=\"imgwrap\"><img alt=\"POCO M3 Pro 5G \" data-original=\"https://cdn.tgdd.vn/Files/2021/06/09/1358767/16_800x450.jpg\" title=\"POCO M3 Pro 5G \" class=\"lazy\"></div><div class=\"captionnews\">Poco M3 Pro 5G trông hơi to và đầm đấy. Nguồn: YugaTech.&nbsp;</div><p>Trong khi Xiaomi trang bị mặt lưng mờ với hiệu ứng ánh sáng ảo diệu cho <a href=\"https://www.thegioididong.com/dtdd/xiaomi-redmi-note-10-5g\" target=\"_blank\" title=\"Redmi Note 10 5G\" type=\"Redmi Note 10 5G\">Redmi Note 10 5G</a>, Poco M3 Pro 5G lại có mặt sau nhựa giả kính bóng bẩy với một màu đồng nhất. Có ba phiên bản màu là vàng, xanh lam, xám đậm. Phiên bản của tác giả trong bài viết hôm nay có màu xám đậm lịch thiệp.</p><div class=\"imgwrap\"><img alt=\"POCO M3 Pro 5G\" data-original=\"https://cdn.tgdd.vn/Files/2021/06/09/1358767/18_800x450.jpg\" title=\"POCO M3 Pro 5G\" class=\"lazy\"></div><div class=\"captionnews\">Poco M3 Pro 5G với mặt bóng bẩy. Nguồn: YugaTech.&nbsp;</div><p>Điện thoại này vẫn sở hữu cụm 3 camera sau với các ống kính được sắp xếp theo chiều dọc thay vì thiết kế hình chữ nhật lớn màu đen nằm ngang đã bị lược đi trên POCO M3. Các đường nét dọc theo khung nhựa phủ lớp&nbsp;phản chiếu gương được bo tròn tinh tế gần với ống kính, theo chiều dọc camera bên trong còn có logo POCO.</p><div class=\"imgwrap\"><img alt=\"Poco M3 Pro 5G\" data-original=\"https://cdn.tgdd.vn/Files/2021/06/09/1358767/ava_800x450.png\" title=\"Poco M3 Pro 5G\" class=\"lazy\"></div><div class=\"captionnews\">Lại là mặt lưng của POCO M3 Pro 5G với những viên chân trâu ngon lành. Nguồn: Android Central.</div><p>Trong quá trình trải nghiệm, tác giả chia sẻ cảm giác tuyệt vời khi cầm nắm máy và không có cảm trơn trượt dù mặt sau được làm nhẵn bóng. Hầu như các dấu vân tay và vết bẩn bám trên mặt sau dễ dàng lau chùi.</p><p>Như mình đã nói ở trên, các cạnh của&nbsp;POCO M3 Pro 5G được bo cong uyển chuyển, cạnh phải gồm có&nbsp;các phím tăng giảm âm lượng và nút nguồn tích hợp cảm biến vân tay một chạm cực nhạy.</p><div class=\"imgwrap\"><img alt=\"POCO M3 Pro 5G\" data-original=\"https://cdn.tgdd.vn/Files/2021/06/09/1358767/17_800x450.jpg\" title=\"POCO M3 Pro 5G\" class=\"lazy\"></div><div class=\"captionnews\">Cạnh phải POCO M3 Pro 5G.. Nguồn: YugaTech.&nbsp;</div><p>Khe cắm SIM lại nằm một mình vu vơ ở bên trái, bên dưới còn có mic phụ giúp khử tiếng ồn khi nghe gọi.</p><div class=\"imgwrap\"><img alt=\"POCO M3 Pro 5G\" data-original=\"https://cdn.tgdd.vn/Files/2021/06/09/1358767/26_800x450.jpg\" title=\"POCO M3 Pro 5G\" class=\"lazy\"></div><div class=\"captionnews\">Cạnh trái POCO M3 Pro 5G. Nguồn: GSMArena.</div><p>Dọc theo cạnh trên của Poco M3 Pro 5G có giắc cắm tai nghe 3.5 mm, micrô thứ hai cho âm thanh nổi trong video và khử tiếng ồn trong cuộc gọi, cảm biến IR blaster&nbsp;(cảm biến hồng ngoại) và hỗ trợ NFC.</p><div class=\"imgwrap\"><img alt=\"POCO M3 Pro 5G\" data-original=\"https://cdn.tgdd.vn/Files/2021/06/09/1358767/19_800x450.jpg\" title=\"POCO M3 Pro 5G\" class=\"lazy\"></div><div class=\"captionnews\">Cạnh trên POCO M3 Pro 5G. Nguồn: YugaTech.&nbsp;</div><p>Dưới cùng là nơi bạn tìm thấy cổng USB Type-C, micrô chính và loa.&nbsp;</p><div class=\"imgwrap\"><img alt=\"POCO M3 Pro 5G\" data-original=\"https://cdn.tgdd.vn/Files/2021/06/09/1358767/20_800x450.jpg\" title=\"POCO M3 Pro 5G\" class=\"lazy\"></div><div class=\"captionnews\">Cạnh dưới POCO M3 Pro 5G. Nguồn: YugaTech.&nbsp; </div><p>Màn hình giọt nước IPS LCD 6.5 inch chiếm trọn mặt trước được bảo vệ bằng một miếng kính Gorilla Glass 3, chừa một khoảng nhỏ xíu cho camera selfie 8 MP.</p><div class=\"imgwrap\"><img alt=\"POCO M3 Pro 5G \" data-original=\"https://cdn.tgdd.vn/Files/2021/06/09/1358767/cv_1280x720-800-resize.jpg\" title=\"POCO M3 Pro 5G \" class=\"lazy\"></div><div class=\"captionnews\">Cận cảnh màn hình giọt nước trên POCO M3 Pro 5G. Nguồn: Android Central. </div><p>Màn hình trên POCO M3 Pro 5G là một trong những nâng cấp đáng giá nhất trên M3 Pro 5G nhờ tấm nền LCD và bởi&nbsp;POCO&nbsp;đã tăng tần số làm tươi lên 90 Hz. Hãng chia sẻ POCO M3 Pro 5G áp dụng công nghệ màn hình DotDisplay DynamicSwitch cho phép bạn tùy chỉnh chỉnh tần số quét giữa các mức 90 Hz, 60 Hz, 50 Hz và 30 Hz theo nội dung hiển thị.&nbsp;</p><div class=\"imgwrap\"><img alt=\"POCO M3 Pro 5G\" data-original=\"https://cdn.tgdd.vn/Files/2021/06/09/1358767/29_800x450.jpg\" title=\"POCO M3 Pro 5G\" class=\"lazy\"></div><div class=\"captionnews\">Màn hình M3 Pro 5G bởi POCO đã tăng tần số làm tươi lên 90 Hz. Nguồn: YugaTech.&nbsp;</div><h3><strong>POCO M3 Pro 5G đem đến nhiều thông số đáng giá như camera 48 MP, pin 5K xài cả ngày</strong></h3><p>Một điểm đáng chú ý khác đó là POCO M3 Pro 5G tích hợp 3 camera với cảm biến chính 48 MP, còn lại là xóa phông và camera macro hỗ trợ chụp cận cảnh cùng độ phân giải 2 MP.&nbsp;</p><div class=\"imgwrap\"><img alt=\"POCO M3 Pro 5G\" data-original=\"https://cdn.tgdd.vn/Files/2021/06/09/1358767/30_800x450.jpg\" title=\"POCO M3 Pro 5G\" class=\"lazy\"></div><div class=\"captionnews\">Cận cảnh cụm camera sau trên POCO M3 Pro 5G. Nguồn: YugaTech.&nbsp;</div><div class=\"imgwrap\"><img alt=\"POCO M3 Pro 5G\" data-original=\"https://cdn.tgdd.vn/Files/2021/06/09/1358767/33_800x450.jpg\" title=\"POCO M3 Pro 5G\" class=\"lazy\"></div><div class=\"captionnews\">Test nhanh khả năng chụp hình POCO M3 Pro 5G. Nguồn: YugaTech.&nbsp;</div><p>Xiaomi POCO M3 Pro 5G tích hợp viên pin dung lượng 5.000 mAh nhỏ hơn so với dung lượng 6.000 mAh trên phiên bản POCO M3, chiếc điện thoại vẫn cho thời gian sử dụng lâu dài nhờ hỗ trợ công nghệ sạc nhanh sẽ sạc đầy điện thoại từ 0% lên 33% trong nửa tiếng. Về phần mềm, máy chạy trên nền&nbsp; Android 11 với giao diện MIUI 12.</p><div class=\"imgwrap\"><img alt=\"POCO M3 Pro 5G\" data-original=\"https://cdn.tgdd.vn/Files/2021/06/09/1358767/25_800x450.jpg\" title=\"POCO M3 Pro 5G\" class=\"lazy\"></div><div class=\"captionnews\">Xiaomi POCO M3 Pro 5G với viên pin dung lượng 5.000 mAh. Nguồn: YugaTech.&nbsp;</div><div class=\"imgwrap\"><img alt=\"Xiaomi POCO M3 Pro 5G\" data-original=\"https://cdn.tgdd.vn/Files/2021/06/09/1358767/32_800x450.jpg\" title=\"Xiaomi POCO M3 Pro 5G\" class=\"lazy\"></div><div class=\"captionnews\">Chiếc điện thoại vẫn cho thời gian sử dụng lâu dài nhờ hỗ trợ công nghệ sạc nhanh. Nguồn: GSMArena.</div><div class=\"imgwrap\"><img alt=\"POCO M3 Pro 5G\" data-original=\"https://cdn.tgdd.vn/Files/2021/06/09/1358767/23_800x450.jpg\" title=\"POCO M3 Pro 5G\" class=\"lazy\"></div><div class=\"captionnews\">POCO M3 Pro 5G&nbsp;chạy trên nền&nbsp; Android 11 với giao diện MIUI 12.&nbsp;Nguồn: YugaTech.&nbsp; </div><p>POCO M3 Pro 5G&nbsp;dùng chip Dimensity 700 trên tiến trình 7 nm. Máy có 2 phiên bản RAM 4 GB hoặc 6 GB&nbsp;cùng bộ nhớ trong 64 GB&nbsp;hoặc lên đến128 GB chuẩn UFS 2.2.&nbsp;</p><div class=\"imgwrap\"><img alt=\"POCO M3 Pro 5G\" data-original=\"https://cdn.tgdd.vn/Files/2021/06/09/1358767/36_800x450.jpg\" title=\"POCO M3 Pro 5G\" class=\"lazy\"></div><div class=\"captionnews\">Thông số cấu hình POCO M3 Pro 5G. Nguồn: YugaTech.&nbsp;</div><p>Vì đây là một con chip tầm trung nên hiệu suất chơi game chỉ trung bình thôi vì thế bạn đừng đặt nặng kỳ vọng cấu hình máy quá nhiều. Tuy nhiên thì POCO M3 Pro 5G vẫn sẽ đáp ứng tốt tất cả các tác vụ cơ bản như duyệt Web, xem phim, chơi game với cấu hình phù hợp dùng trong cả ngày đúng chất \'Pro\' mà hãng hướng đến. Thêm nữa, khả năng kết nối 5G là một điểm cộng lớn cho POCO M3 Pro 5G.</p><div class=\"imgwrap\"><img alt=\"POCO M3 Pro 5G.\" data-original=\"https://cdn.tgdd.vn/Files/2021/06/09/1358767/34_800x450.jpg\" title=\"POCO M3 Pro 5G.\" class=\"lazy\"></div><div class=\"captionnews\">POCO M3 Pro 5G đều sẽ đáp ứng tốt tất cả các tác vụ cơ bản của bạn. Nguồn: GSMArena.</div><h3><strong>Lời kết</strong></h3><p>Với mức giá 5.5 triệu đồng thì chúng ta sẽ được trải nghiệm một chiếc điện thoại có thiết kế phá cách, viên pin dung lượng cao, chụp hình chất chơi đủ thể loại. Liệu bạn có bị mê hoặc bởi POCO M3 phiên bản Pro này chưa nhỉ? Hãy để lại những ý kiến dưới phần bình luận của bài viết nhé!</p><p>Xem thêm:&nbsp;<a href=\"https://www.thegioididong.com/tin-tuc/tren-tay-nokia-g20-1357943\" target=\"_blank\" title=\"Trên tay Nokia G20: Màn hình lớn, pin 5.050 mAh, giá từ 3.8 triệu\" type=\"Trên tay Nokia G20: Màn hình lớn, pin 5.050 mAh, giá từ 3.8 triệu\">Trên tay Nokia G20: Màn hình lớn, pin 5.050 mAh, giá từ 3.8 triệu</a></p>','2021-05-05 15:41:00',NULL,0,1),(7,'Cách tạo màn hình sạc pin cực hay cho iPhone','https://cdn.tgdd.vn/Files/2021/06/13/1359868/cach-tao-hieu-ung-sac-pin-iphone-doc-dao_800x450.jpg',NULL,'cach-tao-hieu-ung-sac-pin-iphone','Một ứng dụng tạo hoạt hình khi sạc để sử dụng trên iPhone của bạn. Khi điện thoại được kết nối với cáp hoặc sạc không dây, chương trình sẽ tự động hiển thị hình nền động và khi rút ra, nó cũng sẽ tự động tắt','<h2>Một ứng dụng tạo hoạt hình khi sạc để sử dụng trên <a href=\"https://www.thegioididong.com/dtdd-apple-iphone\" target=\"_blank\" title=\"iPhone\" type=\"iPhone\">iPhone</a>&nbsp;của bạn. Khi điện thoại được kết nối với cáp hoặc sạc không dây, chương trình sẽ tự động hiển thị hình nền động và khi rút ra, nó cũng sẽ tự động tắt. Bạn cũng có thể tạo một Widget để hiển thị dữ liệu iPhone, để dễ dàng quản lý hệ thống hơn.</h2><h3><strong>1. Cách tạo hiệu ứng sạc pin iPhone cực kỳ độc đáo</strong></h3><p><strong>Bước 1</strong>. Bạn tải ứng dụng Charging Play về máy theo link bên dưới.</p><ul><li><a href=\"https://apps.apple.com/us/app/charging-play/id1532220797\" rel=\"nofollow\" target=\"_blank\" title=\"Charging Play\" type=\"Charging Play\">Charging Play trên App Store</a></li></ul><div class=\"imgwrap\"><img alt=\"Cach-tao-hieu-ung-sac-pin-iPhone-doc-dao\" data-original=\"https://cdn.tgdd.vn/Files/2021/06/13/1359868/cach-tao-hieu-ung-sac-pin-iphone-doc-dao-1_2309x2435-800-resize.jpg\" title=\"Cach-tao-hieu-ung-sac-pin-iPhone-doc-dao\" class=\" lazyloaded\" src=\"https://cdn.tgdd.vn/Files/2021/06/13/1359868/cach-tao-hieu-ung-sac-pin-iphone-doc-dao-1_2309x2435-800-resize.jpg\"></div><p><strong>Bước 2</strong>. Trong ứng dụng, bạn nhấn <strong>Replace animation</strong> và chọn kiểu animation sạc pin mà bạn thích.</p><div class=\"imgwrap\"><img alt=\"Cach-tao-hieu-ung-sac-pin-iPhone-doc-dao\" data-original=\"https://cdn.tgdd.vn/Files/2021/06/13/1359868/cach-tao-hieu-ung-sac-pin-iphone-doc-dao-2_2303x2435-800-resize.jpg\" title=\"Cach-tao-hieu-ung-sac-pin-iPhone-doc-dao\" class=\" lazyloaded\" src=\"https://cdn.tgdd.vn/Files/2021/06/13/1359868/cach-tao-hieu-ung-sac-pin-iphone-doc-dao-2_2303x2435-800-resize.jpg\"></div><p><strong>Bước 3</strong>. Bạn chọn <strong>Set</strong> để bắt đầu áp dụng hiệu ứng đó khi sạc.</p><div class=\"imgwrap\"><img alt=\"Cach-tao-hieu-ung-sac-pin-iPhone-doc-dao\" data-original=\"https://cdn.tgdd.vn/Files/2021/06/13/1359868/cach-tao-hieu-ung-sac-pin-iphone-doc-dao-3_2303x2429-800-resize.jpg\" title=\"Cach-tao-hieu-ung-sac-pin-iPhone-doc-dao\" class=\"lazy\"></div><p><strong>Bước 4</strong>. Giờ đây, khi cắm sạc, iPhone của bạn sẽ có hiệu ứng mới ấn tượng hơn. Nếu muốn tắt màn hình thì bạn chạm vào màn hình một lần nữa, tuy ứng dụng vẫn chạy nhưng vì màn hình iPhone là màn hình Oled nên mức tiêu thụ điện năng sẽ không đáng kể.</p><div class=\"imgwrap\"><img alt=\"Cach-tao-hieu-ung-sac-pin-iPhone-doc-dao\" data-original=\"https://cdn.tgdd.vn/Files/2021/06/13/1359868/cach-tao-hieu-ung-sac-pin-iphone-doc-dao-4_480x1040.gif\" title=\"Cach-tao-hieu-ung-sac-pin-iPhone-doc-dao\" class=\"lazy\"></div><h3><strong>2. Cách thêm Widget hiển thị full thông số iPhone</strong></h3><p><strong>Bước 1</strong>. Trong ứng dụng Charging Play, bạn nhấn&nbsp;<strong>Desktop widget</strong> và chọn kích cỡ <strong>Widget</strong> mà bạn muốn.</p><div class=\"imgwrap\"><img alt=\"Cach-tao-hieu-ung-sac-pin-iPhone-doc-dao\" data-original=\"https://cdn.tgdd.vn/Files/2021/06/13/1359868/cach-tao-hieu-ung-sac-pin-iphone-doc-dao-5_2315x2429-800-resize.jpg\" title=\"Cach-tao-hieu-ung-sac-pin-iPhone-doc-dao\" class=\"lazy\"></div><p><strong>Bước 2</strong>. Sau khi chọn kiểu Widget, bạn có thể thay đổi lại màu sắc Widget cho cá nhân hơn. Nhấn <strong>Save</strong>.</p><div class=\"imgwrap\"><img alt=\"Cach-tao-hieu-ung-sac-pin-iPhone-doc-dao\" data-original=\"https://cdn.tgdd.vn/Files/2021/06/13/1359868/cach-tao-hieu-ung-sac-pin-iphone-doc-dao-6_2309x2429-800-resize.jpg\" title=\"Cach-tao-hieu-ung-sac-pin-iPhone-doc-dao\" class=\"lazy\"></div><p><strong>Bước 3</strong>. Trở về màn hình chính, bạn nhấn giữ chỗ trống để vào chế độ lắc lư, chọn dấu cộng &gt; Widget <strong>Charging Play</strong>.</p><div class=\"imgwrap\"><img alt=\"Cach-tao-hieu-ung-sac-pin-iPhone-doc-dao\" data-original=\"https://cdn.tgdd.vn/Files/2021/06/13/1359868/cach-tao-hieu-ung-sac-pin-iphone-doc-dao-7_2303x2429-800-resize.jpg\" title=\"Cach-tao-hieu-ung-sac-pin-iPhone-doc-dao\" class=\"lazy\"></div><p><strong>Bước 4</strong>. Chọn <strong>Thêm tiện ích</strong> và bạn đã có một Widget hệ thống đầy ấn tượng rồi đó.</p><div class=\"imgwrap\"><img alt=\"Cach-tao-hieu-ung-sac-pin-iPhone-doc-dao\" data-original=\"https://cdn.tgdd.vn/Files/2021/06/13/1359868/cach-tao-hieu-ung-sac-pin-iphone-doc-dao-8_2309x2429-800-resize.jpg\" title=\"Cach-tao-hieu-ung-sac-pin-iPhone-doc-dao\" class=\"lazy\"></div><p>Các bạn thấy những hiệu ứng sạc pin này có đẹp không? Hãy chia sẻ cảm nhận của mình ở phần bình luận bên dưới nhé. Nhớ ấn Like và Chia sẻ ủng hộ mình.</p><p><strong>Xem thêm</strong>:</p><ul><li><a href=\"https://www.thegioididong.com/tin-tuc/huong-dan-cach-bat-phat-nhac-chat-luong-cao-tren-iphone-1358984\" target=\"_blank\" title=\"iPhone\" type=\"iPhone\">Hướng dẫn cách bật phát nhạc chất lượng cao trên iPhone</a></li><li><a href=\"https://www.thegioididong.com/tin-tuc/5-tinh-nang-an-tren-iphone-ma-ban-nen-tham-khao-ngay-1358072\" target=\"_blank\" title=\"iPhone\" type=\"iPhone\">5 tính năng ẩn trên iPhone mà bạn nên tham khảo ngay</a></li></ul>','2021-01-01 15:41:00',NULL,0,0),(8,'Mùa bóng đá với loạt smartphone độc quyền đang giảm giá','https://cdn.tgdd.vn/Files/2021/06/11/1359504/mi11lite_800x450.jpg','','smartphone-doc-quyen-dang-giam-gia','Khuấy động lễ hội bóng đá Ơ - Rô năm nay, Thế Giới Di Động lại tiếp tục tung ra deal xịn, giảm đến tiền triệu cho loạt smartphone độc quyền mà bạn chớ nên bỏ lỡ','<h2>Khuấy động lễ hội bóng đá Ơ - Rô năm nay, Thế Giới Di Động lại tiếp tục tung ra deal xịn, giảm đến tiền triệu cho loạt <a href=\"https://www.thegioididong.com/dtdd\" target=\"_blank\" title=\"smartphone\" type=\"smartphone\">smartphone</a> độc quyền mà bạn chớ nên bỏ lỡ. Toàn máy hiệu năng ổn định với dung lượng pin trâu, nay giá lại hời thế này thì ngại gì không sắm bạn ơi.</h2><p>Thời gian khuyến mãi đến <strong>30/06/2021.</strong></p><p><strong>Lưu ý:</strong></p><ul><li>Thời gian khuyến mãi có thể khác nhau ở từng sản phẩm.</li><li>Khuyến mãi áp dụng online tùy sản phẩm.</li></ul><p>Danh sách các sản phẩm khuyến mãi gồm:</p><h3><strong>Samsung Galaxy Note 20 Ultra 5G Trắng: Giảm 10.7 triệu đồng khi mua online</strong></h3><div class=\"youtube\" style=\"width: 800px;height: 450px\" onclick=\"youtubeview(this,\'https://www.youtube.com/embed/QPIvLvVncdU?autoplay=1\',\'800\',450);\"><img style=\"background-image:url(https://img.youtube.com/vi/QPIvLvVncdU/sddefault.jpg);height: 100%!important\" alt=\"\" src=\"\"><span><i class=\"iconnews-lvideo\"></i></span></div><p><a href=\"https://www.thegioididong.com/dtdd/samsung-galaxy-note-20-ultra-5g-trang\" target=\"_blank\" title=\"Samsung Galaxy Note 20 Ultra 5G Trắng\" type=\"Samsung Galaxy Note 20 Ultra 5G Trắng\">Samsung Galaxy Note 20 Ultra 5G Trắng</a> sở hữu công nghệ màn hình Dynamic AMOLED 2X cho chất lượng hiển thị siêu sống động, đi kèm là con chip Exynos 990 8 nhân mạnh mẽ và bộ nhớ RAM 12 GB, 256 GB ROM. Ngoài ra, máy còn có bút S Pen mới, được nâng cấp nhiều tính năng.</p><p>Điện thoại được trang bị camera chính lên đến 108 MP có hỗ trợ nhiều tính năng đem đến cho bạn những khung hình có độ chi tiết cao. Thêm nữa, dung lượng pin lớn 4.500 mAh kèm hỗ trợ công nghệ sạc nhanh tới 25W.</p>','2021-03-12 15:41:00',NULL,0,0),(9,'Vivo Y53s đã có giá bán chính thức','https://cdn.tgdd.vn/Files/2021/06/13/1359951/vivo-y53s_800x450.jpg',NULL,'cong-bo-gia-ban-vivo-y53s-kem-hotsale-sieu-hap-dan','Không để các fans Vivo phải chờ đợi lâu hơn nữa, Thế Giới Di Động đã công bố giá bán của chiếc điện thoại Vivo Y53s rồi đây','<h2>Không để các fans Vivo phải chờ đợi lâu hơn nữa, Thế Giới Di Động đã công bố giá bán của chiếc <a href=\"https://www.thegioididong.com/dtdd/vivo-y53s\" target=\"_blank\" title=\"điện thoại Vivo Y53s\" type=\"điện thoại Vivo Y53s\">điện thoại Vivo Y53s</a> rồi đây. Chương trình hotsale cũng được bật mí cho bạn luôn nè, khuyến mãi hấp dẫn khi tậu ngay chiếc <a href=\"https://www.thegioididong.com/dtdd\" target=\"_blank\" title=\"smartphone\" type=\"smartphone\">smartphone</a>&nbsp;mới toanh này.</h2><h3><strong>Thông tin chương trình</strong></h3><p>Thời gian áp dụng hotsale: <strong>Từ 18/06/2021 đến 20/06/2021.</strong></p><p><strong>Giá bán chính thức</strong>: 6.990.000 đồng.</p><p><strong>Khuyến mãi</strong>: Giảm ngay 300.000 đồng + Trả góp 0% lãi suất.</p>','2021-01-16 15:41:00',NULL,0,0),(10,'Realme GT 5G - Flagship 2021 được ấn định ngày ra mắt toàn cầu','https://cdn.tgdd.vn/Files/2021/06/13/1359878/realme-gt-5g_800x450.jpg',NULL,'realme-gt-5g-duoc-an-dinh-ngay-ra-mat-toan-cau','Sau khi mở bán tại quê nhà Trung Quốc được một thời gian, mới đây Realme đã chính thức phát đi thông báo sẽ ra mắt Realme GT 5G trên thị trường quốc tế.','<h2>Sau khi mở bán tại quê nhà Trung Quốc được một thời gian, mới đây <a href=\"https://www.thegioididong.com/dtdd-realme\" target=\"_blank\" title=\"Đặt mua smartphone Realme tại Thegioididong.com\" type=\"Đặt mua smartphone Realme tại Thegioididong.com\">Realme</a>&nbsp;đã chính thức phát đi thông báo sẽ ra mắt&nbsp;<a href=\"https://www.thegioididong.com/dtdd/realme-gt-5g?src=osp\" target=\"_blank\" title=\"Chi tiết Realme GT 5G\" type=\"Chi tiết Realme GT 5G\">Realme GT 5G</a> trên thị trường quốc tế.</h2><p>Cụ thể, <a rel=\"nofollow\" href=\"https://www.facebook.com/realmeVietnam/photos/a.570305526735441/1256162858149701/\" target=\"_blank\" title=\"Realme GT sẽ ra mắt toàn cầu vào ngày 15.06\" type=\"Realme GT sẽ ra mắt toàn cầu vào ngày 15.06\">fanpage Realme Việt Nam cho biết</a>,&nbsp;Realme GT 5G sẽ ra mắt toàn cầu vào ngày 15/6: \"Các bạn đã sẵn sàng cho sự xuất hiện của Sát thủ Flagship 2021 của nhà realme chưa nào?\".&nbsp;Sự kiện diễn ra vào lúc 19:00 được tổ chức dưới hình thức&nbsp;livestream.</p><div class=\"imgwrap\"><img alt=\"Realme GT sẽ ra mắt toàn cầu vào ngày 15/6\" data-original=\"https://cdn.tgdd.vn/Files/2021/06/13/1359878/realme-gt-teaser_800x374.png\" title=\"Realme GT sẽ ra mắt toàn cầu vào ngày 15/6\" class=\" lazyloaded\" src=\"https://cdn.tgdd.vn/Files/2021/06/13/1359878/realme-gt-teaser_800x374.png\"></div><p>Tuy có giá bán từ 2.799 Yuan (khoảng 10 triệu đồng) tại Trung Quốc, nhưng&nbsp;Realme GT 5G vẫn sở hữu cấu hình vạn người mê, như có màn hình&nbsp;Super AMOLED Full HD+ 6.43 inch hỗ trợ tốc độ làm tươi 120 Hz, dùng chip hàng đầu&nbsp;Snapdragon 888 kết hợp với tùy chọn bộ nhớ: RAM 8 GB + ROM 128 GB và RAM 12 GB + ROM 256 GB.</p><p>Realme GT 5G sở hữu camera trước 16 MP, còn mặt sau có ba camera: Chính 64 MP + góc siêu rộng 8 MP + macro 2 MP. <a href=\"https://www.thegioididong.com/dtdd\" target=\"_blank\" title=\"Đặt mua smartphone tại Thegioididong.com\" type=\"Đặt mua smartphone tại Thegioididong.com\">Điện thoại</a> được tích hợp pin&nbsp;4.500 mAh, hỗ trợ sạc nhanh 65 W (sạc 35 phút đầy 100% pin) và cảm biến vân tay ẩn dưới màn hình.</p><p>Bạn mong đợi&nbsp;Realme GT 5G sẽ có giá bán bao nhiêu khi về Việt Nam?</p><p>Xem thêm:&nbsp;<a href=\"https://www.thegioididong.com/tin-tuc/realme-x9-pro-lo-het-cau-hinh-snapdragon-dau-8-camera-50mp-1359662\" target=\"_blank\" title=\"Realme X9 Pro lộ hết cấu hình: Dùng chip Snapdragon đầu 8, camera 50MP của Sony, sạc nhanh 65W và...\" type=\"Realme X9 Pro lộ hết cấu hình: Dùng chip Snapdragon đầu 8, camera 50MP của Sony, sạc nhanh 65 W và...\">Realme X9 Pro lộ cấu hình: Chip Snapdragon đầu 8, camera Sony 50 MP,...</a></p>','2021-04-17 15:41:00',NULL,0,0),(11,'Tin đồn: Xiaomi Mi MIX 4 sắp ra mắt với camera ẩn','/upload/images/tin-don-xiaomi-mi-mix-4-sap-ra-mat-voi-camera-an-ava-img.jpg','https://cdn.tgdd.vn/Files/2021/01/28/1323659/7b0_1280x693.jpg','tin-don-xiaomi-mi-mix-4-sap-ra-mat-voi-camera-an','Có thể nói Mi Mix Alpha là concept độc đáo nhất mà Xiaomi từng ra mắt, tiếc rằng họ đã không thể thương mại hóa sản phẩm này nhưng đã có những thành tựu nhất định, biết đâu có thể tái xuất trên thế hệ Mi Mix 4 tiếp theo.','<p>Xiaomi Mi MIX 4 ra mắt với camera ẩn dưới m&agrave;n h&igrave;nh, MIUI 13? (cập nhật ng&agrave;y 20/6)</p>\r\n<p>Theo th&ocirc;ng tin cực kỳ hấp dẫn ng&agrave;y h&ocirc;m nay, một t&agrave;i khoản instagram t&ecirc;n @techdroider đ&atilde; đăng tải hai h&igrave;nh ảnh r&ograve; rỉ được cho l&agrave; ch&iacute;nh x&aacute;c nhất của Xiaomi Mi MIX 4 x&aacute;c nhận th&ocirc;ng tin sử dụng camera ẩn dưới m&agrave;n h&igrave;nh trước đ&acirc;y.</p>\r\n<p>C&oacute; thể n&oacute;i, khi m&igrave;nh xem qua hai h&igrave;nh ảnh n&agrave;y phải n&oacute;i l&agrave; qu&aacute; tuyệt vời lu&ocirc;n c&aacute;c bạn ạ! Mặt trước của m&aacute;y ho&agrave;n to&agrave;n kh&ocirc;ng c&oacute; lỗ n&agrave;o cả, qua đ&oacute; diện t&iacute;ch m&agrave;n h&igrave;nh hiển thị chiếm gần như 100%. Nếu để &yacute; một ch&uacute;t, ch&uacute;ng ta c&oacute; thấy Mi MIX 4 c&oacute; sử dụng m&agrave;n h&igrave;nh cong th&aacute;c nước, cong hơn cả Xiaomi Mi 11 v&ocirc; c&ugrave;ng đẹp xịn s&ograve; v&agrave; đẹp mắt.</p>\r\n<p>C&aacute;c bạn đo&aacute;n xem camera selfie của m&aacute;y sẽ nằm ở đ&acirc;u? B&ecirc;n tr&aacute;i, b&ecirc;n phải hay ở giữa?</p>\r\n<p><img style=\"display: block; margin-left: auto; margin-right: auto;\" src=\"https://cdn.tgdd.vn/Files/2021/01/28/1323659/hugtech_800x450_800x450.jpg\" alt=\"Xiaomi Mi Mix 4 r&ograve; rỉ cấu h&igrave;nh \" width=\"512\" /></p>\r\n<p>B&ecirc;n cạnh đ&oacute; c&ograve;n c&oacute; th&ocirc;ng tin cho rằng Mi Mix 4 sẽ được trang bị camera ẩn dưới m&agrave;n h&igrave;nh như tin đồn trước đ&oacute;, để mang đến cho ch&uacute;ng ta một thiết bị c&oacute; m&agrave;n h&igrave;nh tr&agrave;n cạnh, viền mỏng đến mức tưởng như thiết bị kh&ocirc;ng viền. Ngo&agrave;i ra, Xiaomi đ&atilde; ph&aacute;t triển t&iacute;nh năng sạc nhanh HyperCharge 200 W, sạc nhanh kh&ocirc;ng d&acirc;y 70 W n&ecirc;n khả năng Mi MIX 4 được trang bị c&ocirc;ng nghệ sạc nhanh mới n&agrave;y l&agrave; kh&aacute; cao. M&igrave;nh đ&aacute;nh gi&aacute;, Xiaomi Mi Mix 4 c&oacute; thể sẽ trở th&agrave;nh một chiếc smartphone đ&aacute;ng để ch&uacute;ng ta chờ đợi.</p>\r\n<p>Mi MIX 4 vẫn chưa được lộ diện v&agrave;o tối (29/03)!</p>\r\n<p>V&agrave;o tối qua (29/03), Xiaomi đ&atilde; giới thiệu kh&aacute; nhiều sản phẩm với nhiều c&ocirc;ng nghệ mới như: Xiaomi Mi 11 Lite, Xiaomi Mi 11 Pro, Xiaomi Mi 11 Ultra...Tuy nhi&ecirc;n chiếc smartphone của ch&uacute;ng ta - Xiaomi Mi MIX 4 vẫn chưa xuất hiện. Đừng lo, m&igrave;nh đo&aacute;n rằng v&agrave;o sự kiện tối nay (30/03) chiếc Mi MIX 4 c&oacute; thể l&agrave; t&acirc;m điểm ch&iacute;nh đ&oacute;!</p>\r\n<p>M&agrave;n h&igrave;nh của Mi MIX sẽ được thừa hưởng thiết kế độc đ&aacute;o từ Mi MIX Alpha</p>\r\n<p>C&oacute; thể n&oacute;i dự &aacute;n Mi MIX Alpha của Xiaomi đ&atilde; cho ra một phi&ecirc;n bản prototype ấn tượng với chiếc điện thoại c&oacute; m&agrave;n h&igrave;nh 180% trải d&agrave;i từ mặt trước ra tận sau lưng. Tuy nhi&ecirc;n, tại thời điểm ra mắt, Xiaomi đ&atilde; vấp phải một số những trở ngại về mặt kỹ thuật n&ecirc;n chưa thể thương mại h&oacute;a chiếc điện thoại n&agrave;y v&agrave; ho&atilde;n v&ocirc; thời hạn.</p>\r\n<p>M&igrave;nh chưa từng được trải nghiệm chiếc điện thoại n&agrave;o như thế n&agrave;y nhưng c&oacute; thể h&igrave;nh dung ra được việc c&oacute; một chiếc m&agrave;n h&igrave;nh trải d&agrave;i từ trước ra sau sẽ rất th&uacute; vị v&agrave; độc đ&aacute;o. Tuy nhi&ecirc;n vẫn sẽ c&oacute; những mặt hạn chế nhất định như ốp lưng bảo vệ m&aacute;y chẳng hạn l&agrave; gần như 99% kh&ocirc;ng c&oacute; rồi đ&oacute;, chưa kể rằng nếu chiếc điện thoại n&agrave;y m&agrave; rơi th&igrave; bạn cũng chắc h&igrave;nh dung ra được điều tiếp theo diễn ra như thế n&agrave;o rồi.</p>\r\n<p><img style=\"display: block; margin-left: auto; margin-right: auto;\" src=\"https://cdn.tgdd.vn/Files/2021/01/28/1323659/ccc_800x806.png\" alt=\"Ảnh r&ograve; rỉ thiết kế của Mi Mix 4\" width=\"512\" /></p>','2021-06-21 10:23:01',NULL,0,10),(12,'OPPO sắp ra mắt mẫu điện thoại mới với chip Snapdragon 768','https://cdn.tgdd.vn/Files/2021/06/21/1361875/oppo-768-2_1280x720-600x400.jpg','','oppo-sap-ra-mat-mau-dien-thoai-moi-voi-chip-snapdragon-768','OPPO đã liên tiếp trình làng những chiếc điện thoại đáng chú ý tại thị trường Trung Quốc như Reno6 series và OPPO K9. Có lẽ sắp tới đây, hãng sẽ tiếp tục cho ra mắt thêm một mẫu điện thoại tầm trung mới','<p>Theo đ&oacute;, mặc d&ugrave; nguồn tin kh&ocirc;ng tiết lộ về t&ecirc;n ch&iacute;nh thức của thiết bị, nhưng kh&aacute; nhiều th&ocirc;ng tin về cấu h&igrave;nh của m&aacute;y đ&atilde; bị r&ograve; rỉ như m&aacute;y sẽ sở hữu chip Snapdragon 768G, đi k&egrave;m l&agrave; m&agrave;n h&igrave;nh Samsung E1 Pro AMOLED 6.43 inch c&oacute; tần số qu&eacute;t 120 Hz.</p>\r\n<p><img style=\"display: block; margin-left: auto; margin-right: auto;\" src=\"https://cdn.tgdd.vn/Files/2021/06/21/1361875/768jpg_1280x982-800-resize.jpg\" alt=\"OPPO sắp ra mắt smartphone tầm trung c&oacute; m&agrave;n h&igrave;nh 120Hz, Snapdragon 768\" width=\"512\" /></p>\r\n<p>Về khả năng chụp ảnh, OPPO sẽ mang cụm 3 camera l&ecirc;n mặt sau thiết bị bao gồm một ống k&iacute;nh ch&iacute;nh 64 MP, ống k&iacute;nh g&oacute;c si&ecirc;u rộng 8 MP, đi k&egrave;m ống k&iacute;nh macro 2 MP đi k&egrave;m ống kinh 32 MP ở mặt trước.</p>\r\n<p>Ngo&agrave;i ra, điện thoại cũng đi k&egrave;m vi&ecirc;n pin 4.500 mAh v&agrave; hỗ trợ sạc nhanh 50 W. Những th&ocirc;ng số kỹ thuật n&agrave;y dường như chỉ kh&aacute;c biệt nhỏ so với những chiếc OPPO K9 ra mắt trước đ&acirc;y, kh&ocirc;ng loại trừ khả năng thiết bị n&agrave;y c&oacute; thể l&agrave; một phi&ecirc;n bản kh&aacute;c của OPPO K9.&nbsp;</p>\r\n<p>abc</p>\r\n<p>Bạn c&oacute; mong đợi thiết bị mới n&agrave;y của OPPO?</p>\r\n<p>Nguồn: Playfuldroid</p>','2021-06-22 09:28:19','2021-06-22 09:50:04',0,8),(13,'Trên tay Nokia C20 Plus: Kiểu dáng đơn giản, dễ sử dụng','https://cdn.tgdd.vn/Files/2021/06/16/1360726/thumbnailreview2021_800x450-300x200.jpg','https://cdn.tgdd.vn/Files/2021/06/16/1360726/cv_1280x720.jpg','tren-tay-nokia-c20-plus-kieu-dang-don-gian-de-su-dung','Tháng 3 vừa qua, hãng điện thoại Phần Lan vừa chính thức ra mắt phiên bản Nokia C20 Plus, cũng thuộc phân khúc giá rẻ như C20 nhưng máy lại sở hữu cấu hình ấn tượng','<p>Th&aacute;ng 3 vừa qua, h&atilde;ng điện thoại Phần Lan vừa ch&iacute;nh thức ra mắt phi&ecirc;n bản cải tiến của smartphone Nokia C20 với t&ecirc;n gọi l&agrave; Nokia C20 Plus. Nokia C20 Plus được định vị ở ph&acirc;n kh&uacute;c gi&aacute; rẻ như người anh em nhưng lại sở hữu cấu h&igrave;nh ấn tượng hơn, hiệu năng ổn định đủ d&ugrave;ng v&agrave; mức gi&aacute; cực rẻ. C&ugrave;ng tr&ecirc;n tay Nokia C20 Plus ngay v&agrave; lu&ocirc;n với m&igrave;nh n&agrave;o!</p>\r\n<p>Nokia C20 Plus gi&aacute; bao nhi&ecirc;u?</p>\r\n<p>Nokia C20 Plus c&oacute; gi&aacute; b&aacute;n khởi điểm l&agrave; 699 nh&acirc;n d&acirc;n tệ (khoảng 2.5 triệu đồng) v&agrave; sẽ được b&aacute;n ra v&agrave;o ng&agrave;y 16 th&aacute;ng 6 tại Trung Quốc. M&aacute;y đi c&ugrave;ng hai t&ugrave;y chọn m&agrave;u sắc l&agrave; Ocean Blue v&agrave; Graphite Black. Kh&ocirc;ng biết bạn c&oacute; bị đốn tim bởi mức gi&aacute; của Nokia C20 Plus chưa nhỉ?&nbsp;</p>\r\n<p><img style=\"display: block; margin-left: auto; margin-right: auto;\" src=\"https://cdn.tgdd.vn/Files/2021/06/16/1360726/19_800x450.jpg\" alt=\"Nokia C21 Plus\" width=\"512\" /></p>\r\n<p>Nokia C20 Plus mang đến sự tối giản trong từng đường n&eacute;t thiết kế</p>\r\n<p>Hộp đựng Nokia C20 Plus đơn giản với t&ocirc;ng m&agrave;u trắng chủ đạo. Mặt trước chiếc hộp in h&igrave;nh sản phẩm, trong khi cạnh b&ecirc;n c&oacute; t&ecirc;n phi&ecirc;n bản c&ugrave;ng logo Android nh&iacute; nhảnh.</p>\r\n<p><img style=\"display: block; margin-left: auto; margin-right: auto;\" src=\"/upload/images/tren-tay-nokia-c20-plus-kieu-dang-don-gian-de-su-dung-body-1.jpg\" alt=\"\" width=\"512\" height=\"288\" /></p>\r\n<p>Ngoại h&igrave;nh Nokia C20 Plus gần như tương đồng với Nokia C20, phi&ecirc;n bản tr&ecirc;n tay m&igrave;nh muốn chia sẻ h&ocirc;m n&agrave;y c&oacute; m&agrave;u Ocean Blue trẻ trung v&agrave; nam t&iacute;nh. Chiếc m&aacute;y được ho&agrave;n thiện từ chất liệu nhựa nh&aacute;m, mặt lưng polycarbonate sử dụng thiết kế dạng s&oacute;ng với c&aacute;c đường v&acirc;n nhỏ tạo ra độ sần nhất định.</p>\r\n<p><img style=\"display: block; margin-left: auto; margin-right: auto;\" src=\"/upload/images/tren-tay-nokia-c20-plus-kieu-dang-don-gian-de-su-dung-body-0.jpg\" alt=\"\" width=\"512\" height=\"288\" /></p>\r\n<p>Kiểu thiết kế n&agrave;y kh&ocirc;ng chỉ chống trơn trượt m&agrave; c&ograve;n chống b&aacute;m v&acirc;n tay. Mặc d&ugrave; chất liệu nhựa của m&aacute;y kh&ocirc;ng cao cấp như k&iacute;nh nhưng lại giảm khả năng hư hỏng hơn khi bị rơi. C&aacute;c cạnh Nokia C20 Plus được thoải đều nhẹ nh&agrave;ng từ ngo&agrave;i v&agrave;o trong, đồng thời bốn g&oacute;c m&aacute;y bo cong mềm mại đem đến cảm gi&aacute;c cầm nắm tr&ecirc;n tay dễ chịu v&agrave; thoải m&aacute;i.</p>\r\n<p>Một trong những điểm nhấn tr&ecirc;n mặt lưng Nokia C20 Plus đến từ loa ngo&agrave;i. &Acirc;m lượng &acirc;m thanh của Nokia C20 Plus được người d&ugrave;ng đ&aacute;nh gi&aacute; cực kỳ ấn tượng, trang bị hốc &acirc;m d&agrave;i 17 mm v&agrave; rộng 12 mm với chế độ chu&ocirc;ng bỏ t&uacute;i, m&aacute;y c&oacute; thể tự động tăng &acirc;m lượng chu&ocirc;ng khi c&oacute; cuộc gọi đến.</p>\r\n<p>Khả năng nhiếp ảnh Nokia C20 Plus n&acirc;ng tầm với sự đa dạng ống k&iacute;nh</p>\r\n<p>Hẳn bạn cũng kh&ocirc;ng c&ograve;n lạ với kiểu camera h&igrave;nh tr&ograve;n bắt mắt của Nokia. Nokia C20 Plus sử dụng một camera ch&iacute;nh hỗ trợ l&agrave;m đẹp bằng AI v&agrave; chức năng lấy n&eacute;t tự động, c&ugrave;ng một ống k&iacute;nh chụp ch&acirc;n dung thay v&igrave; chỉ c&oacute; cảm biến đơn như Nokia C20. Cả hai ống k&iacute;nh c&oacute; độ ph&acirc;n giải lần lượt l&agrave; 8 MP v&agrave; 2 MP.</p>\r\n<p><img style=\"display: block; margin-left: auto; margin-right: auto;\" src=\"https://cdn.tgdd.vn/Files/2021/06/16/1360726/15_800x450.jpg\" alt=\"Nokia C21 Plus\" width=\"512\" /></p>\r\n<p>Nokia C20 Plus đem đến nhiều n&acirc;ng cấp về th&ocirc;ng số cấu h&igrave;nh v&agrave; kỹ thuật</p>\r\n<p>Tr&aacute;i tim Nokia C20 Plus l&agrave; bộ vi xử l&yacute; Unisoc SC9863A t&aacute;m nh&acirc;n tốc độ 1.6 GHz v&agrave; m&aacute;y sử dụng Android 11 Go. Tuy phần cứng kh&ocirc;ng thuộc h&agrave;ng mạnh mẽ nhưng theo m&igrave;nh con chip n&agrave;y l&agrave; vừa đủ cho một chiếc m&aacute;y gi&aacute; rẻ như Nokia C25 Plus để bạn c&oacute; thể thao t&aacute;c đa t&aacute;c vụ cơ bản như duyệt Web, lướt Facebook, game nhẹ một c&aacute;ch ổn định.&nbsp;&nbsp;</p>\r\n<p>Lời kết</p>\r\n<p>G&oacute;i gọn trong mức gi&aacute; chỉ 2.5 triệu th&igrave; ch&uacute;ng ta sẽ được trải nghiệm một chiếc điện thoại c&oacute; độ bền tốt, thiết kế độc nhất c&ugrave;ng vi&ecirc;n pin dung lượng cao, một trong những điều m&agrave; người sử dụng smartphone lu&ocirc;n đặt l&ecirc;n h&agrave;ng đầu. Nếu bạn c&oacute; những ấn tượng g&igrave; th&ecirc;m về chiếc điện thoại Nokia C20 Plus n&agrave;y, h&atilde;y để lại ngay những &yacute; kiến dưới phần b&igrave;nh luận của b&agrave;i viết nh&eacute;!</p>','2021-06-22 10:07:06','2021-06-22 10:17:30',0,12),(14,'Cách cài hình nền 4K và widget đồng hồ cho Android 12','https://cdn.tgdd.vn/Files/2021/06/21/1361985/android12a_1280x720-800-resize.jpg','','cach-cai-hinh-nen-4k-va-widget-dong-ho-cho-android-12','Với Android 12 hệ điều hành mới nhất hiện tại dành cho smartphone của Google, bạn có thể biến giao diện nó trở nên mới mẻ hơn với cách cài hình nền và widget đồng hồ ngay sau đây','<p>Android 12 l&agrave; hệ điều h&agrave;nh mới nhất hiện tại d&agrave;nh cho smartphone của Google. Hiện tại, chỉ một số &iacute;t smartphone được cập nhật l&ecirc;n hệ điều h&agrave;nh n&agrave;y, tuy nhi&ecirc;n, với chiếc smartphone bạn đang cầm tr&ecirc;n tay, bạn c&oacute; thể biến giao diện n&oacute; trở n&ecirc;n mới mẻ hơn với c&aacute;ch c&agrave;i h&igrave;nh nền v&agrave; widget đồng hồ Android 12 ngay sau đ&acirc;y.</p>\r\n<h3>C&aacute;ch c&agrave;i h&igrave;nh nền Android 12 4K</h3>\r\n<p>Trước đ&acirc;y m&igrave;nh đ&atilde; c&oacute; một b&agrave;i viết chia sẻ về h&igrave;nh n&ecirc;n Androdi 12 rồi, nhưng c&aacute;ch tải từ Drive c&ograve;n hơi kh&oacute; khăn đối với một số bạn, giờ đ&acirc;y, khi Android 12 đ&atilde; th&ocirc;ng dụng hơn, tr&ecirc;n của h&agrave;ng CH Play đ&atilde; c&oacute; ứng dụng c&agrave;i h&igrave;nh nền Android 12 chất lượng 4K cực dễ d&agrave;ng.</p>\r\n<p><a href=\"https://play.google.com/store/apps/details?id=com.android12wallpapers.wallpaperforlife\">Tải ứng dụng Android 12 Wallpaper</a></p>\r\n<p><img style=\"display: block; margin-left: auto; margin-right: auto;\" src=\"/upload/images/cach-cai-hinh-nen-4k-va-widget-dong-ho-cho-android-12-body-0.jpg\" alt=\"\" width=\"512\" height=\"569\" />Sau khi tải ứng dụng về, c&aacute;c bạn mở l&ecirc;n v&agrave; chọn qua Tab thứ 2 &gt; Bấm v&agrave;o phần Android 12.&nbsp;</p>\r\n<p>Tiếp theo h&atilde;y lựa h&igrave;nh n&agrave;o bạn th&iacute;ch nhất để chọn l&agrave;m h&igrave;nh nền, m&agrave;n h&igrave;nh kho&aacute; hoặc cả 2.</p>\r\n<p><img style=\"display: block; margin-left: auto; margin-right: auto;\" src=\"/upload/images/cach-cai-hinh-nen-4k-va-widget-dong-ho-cho-android-12-body-1.jpg\" alt=\"\" width=\"512\" height=\"569\" /></p>\r\n<h3>C&aacute;ch c&agrave;i Widget đồng hồ Android 12</h3>\r\n<p>Tương tự như h&igrave;nh nền, để c&agrave;i Widget đồng hồ mới cho Android 12, c&aacute;c bạn tải gi&uacute;p m&igrave;nh ứng dụng b&ecirc;n dưới về m&aacute;y v&agrave; sau đ&oacute; c&oacute; thể lựa chọn mặt đồng hồ m&agrave; bạn th&iacute;ch để th&ecirc;m v&agrave;o m&agrave;n h&igrave;nh ch&iacute;nh.</p>\r\n<p><a href=\"https://play.google.com/store/apps/details?id=twelve.clock.mibrahim\">Tải Android 12 Clock Widgets</a></p>\r\n<p><img style=\"display: block; margin-left: auto; margin-right: auto;\" src=\"/upload/images/cach-cai-hinh-nen-4k-va-widget-dong-ho-cho-android-12-body-2.jpg\" alt=\"\" width=\"512\" height=\"569\" /></p>\r\n<p>Sau khi th&ecirc;m, bạn c&oacute; thể di chuyển v&agrave; thay đổi k&iacute;ch thước bất k&igrave; m&agrave; bạn th&iacute;ch.</p>\r\n<p><img style=\"display: block; margin-left: auto; margin-right: auto;\" src=\"/upload/images/cach-cai-hinh-nen-4k-va-widget-dong-ho-cho-android-12-body-3.jpg\" alt=\"\" width=\"512\" height=\"569\" />Như vậy, m&igrave;nh vừa chia sẻ với c&aacute;c bạn c&aacute;ch để biến chiếc smartphone hiện tại của bạn trở n&ecirc;n mới mẻ v&agrave; thời thượng hơn với giao diện Android 12 gốc. Nếu bạn n&agrave;o thấy hay đừng qu&ecirc;n chia sẻ v&agrave; b&igrave;nh luận b&ecirc;n dưới b&agrave;i viết n&agrave;y nh&eacute;.</p>','2021-06-22 03:10:37',NULL,0,2),(15,'Xuất hiện concept AirPods Pro 2: lạ và đẹp','https://cdn.tgdd.vn/Files/2021/06/22/1362203/airpodpro2_1_1280x720-800-resize.jpg','','xuat-hien-concept-airpods-pro-2-la-va-dep','Concept AirPods Pro 2: Nhìn giống AirPods Pro nhưng đã bỏ phần cuống tai, trông lạ và đẹp mắt đấy','<p>2021 sẽ l&agrave; năm Apple tập trung n&acirc;ng cấp c&aacute;c sản phẩm về &acirc;m thanh. Đ&acirc;y l&agrave; th&ocirc;ng tin đ&atilde; được nhiều trang b&aacute;o lớn về c&ocirc;ng nghệ tr&ecirc;n thế giới x&aacute;c nhận. Mới đ&acirc;y, một mẫu concept AirPods Pro 2 đ&atilde; bất được tiết lộ với thiết kế lạ mắt, dường như thay đổi ho&agrave;n to&agrave;n.</p>\r\n<p>Theo đ&oacute;, qua mẫu thiết kế m&agrave; AppleDsign đ&atilde; chia sẻ cho thấy, tai nghe AirPods Pro 2 c&oacute; thiết kế nhỏ hơn v&agrave; gọn hơn, tr&ocirc;ng kh&aacute; giống thiết kế của AirPods Pro nhưng bỏ đi phần cuống n&ecirc;n tr&ocirc;ng kh&aacute; giống \"hạt đậu\".</p>\r\n<p><img style=\"display: block; margin-left: auto; margin-right: auto;\" src=\"https://cdn.tgdd.vn/Files/2021/06/22/1362203/airpodpro2_1_1280x720-800-resize.jpg\" alt=\"Concept AirPods Pro 2: Thiết kế hạt đậu tr&ocirc;ng lạ v&agrave; rất đẹp mắt\" width=\"512\" />Thiết kế mới n&agrave;y ph&ugrave; hợp hơn với tai v&agrave; mang lại sự thoải m&aacute;i hơn cho người d&ugrave;ng, cũng như đẹp hơn v&agrave; phong c&aacute;ch hơn c&aacute;c thế hệ trước.</p>\r\n<p>B&ecirc;n cạnh đ&oacute;, phần hộp sạc cũng c&oacute; những đổi mới trong thiết kế. Hộp sạc nay đ&atilde; tr&ograve;n hơn v&agrave; nhỏ hơn do tai nghe đ&atilde; lược bỏ đi phần cuống.&nbsp;</p>\r\n<p><img style=\"display: block; margin-left: auto; margin-right: auto;\" src=\"https://cdn.tgdd.vn/Files/2021/06/22/1362203/ap2vsappro_1280x720-800-resize.jpg\" alt=\"Concept AirPods Pro 2: Thiết kế hạt đậu tr&ocirc;ng lạ v&agrave; rất đẹp mắt\" width=\"512\" />Ngo&agrave;i ra, c&aacute;c tin đồn trước đ&acirc;y cũng tiết lộ AirPods Pro 2 sẽ c&oacute; vi xử l&yacute; mới nhỏ gọn v&agrave; mạnh mẽ hơn, cải thiện chống ồn v&agrave; hỗ trợ nghe nhạc lossless. Tai nghe v&agrave; vỏ hộp c&oacute; thể sở hữu nhiều m&agrave;u sắc cho người d&ugrave;ng lựa chọn.&nbsp;</p>\r\n<p>Bạn nghĩ g&igrave; về concept thiết kế mới của AirPods Pro 2?</p>','2021-06-22 15:17:50',NULL,0,2),(16,'iPhone SE 2020 cũ giá rẻ giảm mê ly, hỗ trợ 2 SIM','https://cdn.tgdd.vn/Files/2021/06/21/1362111/iphone-se-cu-2_1280x720-800-resize.jpg','','iphone-se-2020-cu-gia-re-giam-me-ly-ho-tro-2-sim','Bạn là một tín đồ nhà Apple, bạn thích sử dụng Touch ID và hơn hết bạn yêu sự nhỏ nhắn xinh xắn. Thì chắc chắn bạn phải tậu ngay một chiếc iPhone SE 2020','<p>Bạn l&agrave; một t&iacute;n đồ nh&agrave; Apple, bạn th&iacute;ch sử dụng Touch ID v&agrave; hơn hết bạn y&ecirc;u sự nhỏ nhắn xinh xắn. Th&igrave; chắc chắn bạn phải tậu ngay một chiếc iPhone SE 2020 cũ gi&aacute; rẻ m&ecirc; ly khi được giảm đến 10%. Đ&atilde; vậy c&ograve;n c&oacute; thiết kế nhỏ gọn c&ugrave;ng chip mạnh mẽ th&igrave; qu&aacute; đ&aacute;ng mua.</p>\r\n<p><img style=\"display: block; margin-left: auto; margin-right: auto;\" src=\"https://cdn.tgdd.vn/Files/2021/06/21/1362111/iphone-se-cu-2_1280x720-800-resize.jpg\" alt=\"\" width=\"512\" height=\"288\" /></p>\r\n<p>Lưu &yacute;:</p>\r\n<ol>\r\n<li>Do số lượng kh&ocirc;ng nhiều v&agrave; tuỳ t&igrave;nh trạng m&aacute;y, gi&aacute; sản phẩm c&oacute; thể thay đổi tuỳ thời điểm, khu vực v&agrave; hết h&agrave;ng sớm.</li>\r\n<li>Nếu khu vực của bạn hết h&agrave;ng, bạn c&oacute; thể chuyển h&agrave;ng từ c&aacute;c khu vực c&ograve;n h&agrave;ng kh&aacute;c bằng c&aacute;ch chuyển khu vực sang Tỉnh/Th&agrave;nh phố gần bạn hoặc To&agrave;n quốc &gt; Chọn m&aacute;y ưng &yacute; &gt; Sau đ&oacute; sử dụng dịch vụ Chuyển về si&ecirc;u thị gần nhất (c&oacute; t&iacute;nh ph&iacute; chuyển h&agrave;ng).</li>\r\n</ol>\r\n<h3>iPhone SE 2020 cũ gi&aacute; rẻ</h3>\r\n<ul>\r\n<li>iPhone SE 64GB 2020 (hộp mới) cũ giảm 10%, gi&aacute; chỉ từ 7.860.000 đồng, rẻ hơn m&aacute;y mới đến 37%.</li>\r\n<li>iPhone SE 128GB 2020 (hộp mới) cũ giảm 7%, gi&aacute; chỉ từ 9.400.000 đồng, rẻ hơn m&aacute;y mới đến 32%.</li>\r\n</ul>\r\n<p>Chiếc điện thoại n&agrave;y c&oacute; k&iacute;ch thước 4.7 inch, m&agrave;n h&igrave;nh c&oacute; độ ph&acirc;n giải HD (1.334 x 750 pixel) đạt chuẩn Retina, hỗ trợ đầy đủ c&aacute;c c&ocirc;ng nghệ True Tone, Haptic Touch, v&agrave; HDR10,&hellip;</p>\r\n<p>Đặc sắc nhất l&agrave; d&ugrave; chỉ c&oacute; một camera 12 MP, khẩu độ f/1.8 ở ph&iacute;a sau, nhưng iPhone SE 2020 vẫn hỗ trợ đầy đủ c&aacute;c chế độ ch&acirc;n dung x&oacute;a ph&ocirc;ng như Portrait Lightning, High-Key Light Mono, chỉnh khẩu độ sau chụp,&hellip;</p>\r\n<p><iframe src=\"https://www.youtube.com/embed/_AfVNv1SMMQ?feature=emb_title\" width=\"512\" height=\"287\" allowfullscreen=\"allowfullscreen\"></iframe></p>\r\n<p>Ngo&agrave;i ra, m&aacute;y c&ograve;n được trang bị chip A13 mạnh mẽ, khả năng chống nước ti&ecirc;u chuẩn IP67 gi&uacute;p hạn chế rủi ro hư hỏng do văng nước, đi mưa. Qu&aacute; nhiều hiệu năng vượt trội m&agrave; gi&aacute; lại \'mini\' th&igrave; sao bỏ lỡ được?</p>','2021-06-22 15:21:37',NULL,0,20);
/*!40000 ALTER TABLE `post` ENABLE KEYS */;
UNLOCK TABLES;

--
-- Table structure for table `price`
--

DROP TABLE IF EXISTS `price`;
/*!40101 SET @saved_cs_client     = @@character_set_client */;
/*!50503 SET character_set_client = utf8mb4 */;
CREATE TABLE `price` (
  `price_id` int NOT NULL AUTO_INCREMENT,
  `product_id` int DEFAULT NULL,
  `value` decimal(19,4) DEFAULT NULL,
  `start_date` datetime NOT NULL,
  `end_date` datetime DEFAULT NULL,
  `current` tinyint DEFAULT '1',
  PRIMARY KEY (`price_id`),
  UNIQUE KEY `price_id_UNIQUE` (`price_id`),
  KEY `FK_price_product_idx` (`product_id`),
  CONSTRAINT `FK_price_product` FOREIGN KEY (`product_id`) REFERENCES `product` (`product_id`)
) ENGINE=InnoDB AUTO_INCREMENT=82 DEFAULT CHARSET=utf8mb4 COLLATE=utf8mb4_0900_ai_ci;
/*!40101 SET character_set_client = @saved_cs_client */;

--
-- Dumping data for table `price`
--

LOCK TABLES `price` WRITE;
/*!40000 ALTER TABLE `price` DISABLE KEYS */;
INSERT INTO `price` VALUES (1,NULL,2370000.0000,'2019-11-20 00:00:00','2021-06-23 11:40:54',0),(2,NULL,23490000.0000,'2019-11-20 00:00:00',NULL,1),(3,NULL,17900000.0000,'2019-11-20 00:00:00',NULL,1),(4,NULL,15990000.0000,'2019-11-20 00:00:00',NULL,1),(5,NULL,50000000.0000,'2019-11-20 00:00:00',NULL,1),(40,NULL,50000000.0000,'2019-11-20 00:00:00',NULL,1),(41,NULL,28990000.0000,'2019-11-20 00:00:00',NULL,1),(42,NULL,23990000.0000,'2019-11-20 00:00:00',NULL,1),(44,NULL,17490000.0000,'2019-11-20 00:00:00',NULL,1),(45,NULL,41490000.0000,'2019-11-20 00:00:00','2021-06-23 15:11:57',0),(46,NULL,36490000.0000,'2019-11-20 00:00:00',NULL,1),(47,NULL,32490000.0000,'2019-11-20 00:00:00',NULL,1),(48,NULL,25490000.0000,'2019-11-20 00:00:00',NULL,1),(49,NULL,14490000.0000,'2019-11-20 00:00:00',NULL,1),(50,NULL,14490000.0000,'2019-11-20 00:00:00',NULL,1),(51,NULL,11990000.0000,'2019-11-20 00:00:00',NULL,1),(52,NULL,17990000.0000,'2019-11-20 00:00:00',NULL,1),(53,NULL,20020000.0000,'2019-11-20 00:00:00',NULL,1),(54,NULL,10200000.0000,'2019-11-20 00:00:00',NULL,1),(55,NULL,21530000.0000,'2019-11-20 00:00:00',NULL,1),(56,NULL,9990000.0000,'2019-11-20 00:00:00',NULL,1),(57,NULL,9590000.0000,'2019-11-20 00:00:00',NULL,1),(58,NULL,8990000.0000,'2019-11-20 00:00:00',NULL,1),(59,NULL,8590000.0000,'2019-11-20 00:00:00',NULL,1),(60,NULL,7990000.0000,'2019-11-20 00:00:00',NULL,1),(61,NULL,6290000.0000,'2019-11-20 00:00:00',NULL,1),(62,NULL,5400000.0000,'2019-11-20 00:00:00',NULL,1),(63,NULL,5290000.0000,'2019-11-20 00:00:00',NULL,1),(64,NULL,5050000.0000,'2019-11-20 00:00:00',NULL,1),(65,NULL,5005000.0000,'2019-11-20 00:00:00',NULL,1),(66,32,750000.0000,'2019-11-20 00:00:00',NULL,1),(69,35,8690000.0000,'2021-06-20 03:47:54',NULL,1),(78,39,990000.0000,'2021-06-21 05:10:29','2021-06-23 11:27:15',0),(79,39,1000000.0000,'2021-06-23 11:27:15',NULL,1),(80,1,2270000.0000,'2021-06-23 11:40:54',NULL,1),(81,12,40490000.0000,'2021-06-23 15:11:57',NULL,1);
/*!40000 ALTER TABLE `price` ENABLE KEYS */;
UNLOCK TABLES;

--
-- Table structure for table `product`
--

DROP TABLE IF EXISTS `product`;
/*!40101 SET @saved_cs_client     = @@character_set_client */;
/*!50503 SET character_set_client = utf8mb4 */;
CREATE TABLE `product` (
  `product_id` int NOT NULL AUTO_INCREMENT,
  `name` varchar(100) CHARACTER SET utf8 COLLATE utf8_general_ci NOT NULL,
  `ava_image` varchar(200) NOT NULL,
  `price_id` int DEFAULT NULL,
  `old_price_id` int DEFAULT NULL,
  `manufacturer_id` int DEFAULT '0',
  `available` tinyint(1) DEFAULT '1',
  `deleted` tinyint(1) DEFAULT '0',
  `updated_at` datetime DEFAULT NULL,
  `spec_id` int DEFAULT NULL,
  `seen_count` int NOT NULL DEFAULT '0',
  `buy_count` int NOT NULL DEFAULT '0',
  `slug` varchar(100) NOT NULL,
  `create_at` datetime DEFAULT NULL,
  PRIMARY KEY (`product_id`),
  UNIQUE KEY `product_id_UNIQUE` (`product_id`),
  KEY `FK_product_manufacturer_idx` (`manufacturer_id`),
  KEY `FK_product_price_idx` (`price_id`),
  KEY `FK_product_spec_idx` (`spec_id`),
  KEY `FK_product_oldprice_idx` (`old_price_id`),
  CONSTRAINT `FK_product_manufacturer` FOREIGN KEY (`manufacturer_id`) REFERENCES `manufacturer` (`manufacturer_id`),
  CONSTRAINT `FK_product_oldprice` FOREIGN KEY (`old_price_id`) REFERENCES `price` (`price_id`),
  CONSTRAINT `FK_product_price` FOREIGN KEY (`price_id`) REFERENCES `price` (`price_id`),
  CONSTRAINT `FK_product_spec` FOREIGN KEY (`spec_id`) REFERENCES `product_spec` (`spec_id`)
) ENGINE=InnoDB AUTO_INCREMENT=40 DEFAULT CHARSET=utf8mb4 COLLATE=utf8mb4_0900_ai_ci;
/*!40101 SET character_set_client = @saved_cs_client */;

--
-- Dumping data for table `product`
--

LOCK TABLES `product` WRITE;
/*!40000 ALTER TABLE `product` DISABLE KEYS */;
INSERT INTO `product` VALUES (1,'Điện thoại Samsung Galaxy A02 ','https://cdn.tgdd.vn/Products/Images/42/228999/samsung-galaxy-a02-den-600x600-200x200.jpg',80,1,1,1,0,'2021-06-23 11:40:54',1,131,1,'dien-thoai-samsung-galaxy-a02','2021-06-09 02:59:11'),(4,'Điện thoại iPhone 12 64GB','https://cdn.tgdd.vn/Products/Images/42/213031/iphone-12-xanh-duong-600x600.jpg',2,NULL,2,1,0,NULL,22,92,3,'dien-thoai-iphone-12-64gb','2021-06-16 03:05:52'),(5,'Điện thoại Samsung Galaxy S21 5G','https://cdn.tgdd.vn/Products/Images/42/220833/samsung-galaxy-s21-tim-600x600.jpg',3,NULL,1,1,0,NULL,NULL,5,0,'dien-thoai-samsung-galaxy-s21-5g','2021-06-08 13:27:00'),(6,'Điện thoại Samsung Galaxy Note 20','https://cdn.tgdd.vn/Products/Images/42/218355/samsung-galaxy-note-20-062220-122200-fix-600x600.jpg',4,NULL,1,1,0,NULL,NULL,3,0,'dien-thoai-samsung-galaxy-note-20','2021-06-08 19:02:32'),(7,'Điện thoại Samsung Galaxy Z Fold2 5G','https://cdn.tgdd.vn/Products/Images/42/226099/samsung-galaxy-z-fold-2-vang-dong-600x600.jpg',5,NULL,1,1,0,NULL,NULL,1,0,'dien-thoai-samsung-galaxy-z-fold2-5g','2021-06-05 16:52:34'),(8,'Điện thoại Samsung Galaxy Z Fold2 5G Đặc Biệt','https://cdn.tgdd.vn/Products/Images/42/232668/samsung-galaxy-z-fold-2-vang-600x600-600x600.jpg',40,NULL,1,1,0,NULL,NULL,0,0,'dien-thoai-samsung-galaxy-z-fold2-5g-dac-biet','2021-06-14 02:57:00'),(9,'Điện thoại Samsung Galaxy S21 Ultra 5G 256GB ','https://cdn.tgdd.vn/Products/Images/42/234308/samsung-galaxy-s21-ultra-256gb-bac-600x600-1-600x600.jpg',41,NULL,1,1,0,NULL,NULL,0,0,'dien-thoai-samsung-galaxy-s21-ultra-5g-256gb','2021-06-07 08:11:52'),(10,'Điện thoại Samsung Galaxy S21+ 5G 256GB','https://cdn.tgdd.vn/Products/Images/42/236128/samsung-galaxy-s21-plus-256gb-bac-600x600-600x600.jpg',42,NULL,1,1,0,NULL,NULL,0,0,'dien-thoai-samsung-galaxy-s21-plus-5g-256gb','2021-06-12 21:16:51'),(11,'Điện thoại iPhone 11 64GB','https://cdn.tgdd.vn/Products/Images/42/153856/iphone-xi-do-600x600.jpg',44,NULL,2,1,0,NULL,NULL,2,0,'dien-thoai-iphone-11-64gb','2021-06-09 08:03:58'),(12,'Điện thoại iPhone 12 Pro Max 512GB ','https://cdn.tgdd.vn/Products/Images/42/228744/iphone-12-pro-max-vang-new-600x600-600x600.jpg',81,45,2,1,0,'2021-06-23 15:11:57',NULL,2,0,'dien-thoai-iphone-12-pro-max-512gb','2021-06-07 22:39:25'),(13,'Điện thoại iPhone 12 Pro 512GB','https://cdn.tgdd.vn/Products/Images/42/228739/iphone-12-pro-xanh-duong-new-600x600-600x600.jpg',46,NULL,2,1,0,NULL,NULL,1,0,'dien-thoai-iphone-12-pro-512gb','2021-06-09 00:00:23'),(14,'Điện thoại iPhone 12 Pro Max 256GB ','https://cdn.tgdd.vn/Products/Images/42/228743/iphone-12-pro-max-vang-new-600x600-1-600x600.jpg',47,NULL,2,1,0,NULL,NULL,0,0,'dien-thoai-iphone-12-pro-max-256gb','2021-06-04 10:58:51'),(15,'Điện thoại iPhone 12 256GB','https://cdn.tgdd.vn/Products/Images/42/238088/iphone-12-violet-600x600.jpg',48,NULL,2,1,0,NULL,NULL,0,0,'dien-thoai-iphone-12-256gb','2021-06-06 13:48:17'),(16,'Điện thoại iPhone SE 256GB (2020)','https://cdn.tgdd.vn/Products/Images/42/222631/iphone-se-128gb-2020-trang-600x600.jpg',49,NULL,2,1,0,NULL,NULL,0,0,'dien-thoai-iphone-se-256gb-2020','2021-06-02 19:00:05'),(17,'Điện thoại iPhone XR 128GB','https://cdn.tgdd.vn/Products/Images/42/191483/iphone-xr-128gb-600x600.jpg',50,NULL,2,1,0,NULL,NULL,0,0,'dien-thoai-iphone-xr-128gb','2021-06-05 12:30:45'),(18,'Điện thoại iPhone 11 128GB','https://cdn.tgdd.vn/Products/Images/42/210644/iphone-11-xanhla-600x600.jpg',51,NULL,2,1,0,NULL,NULL,0,0,'iphone-11-128gb','2021-06-16 12:28:40'),(19,'Apple iPhone X 256GB Chính hãng','https://cdn.cellphones.com.vn/media/catalog/product/cache/7/image/9df78eab33525d08d6e5fb8d27136e95/i/p/iphone_x_256gb.jpg',53,NULL,2,1,0,NULL,NULL,0,0,'apple-iphone-x-256-gb-chinh-hang-vn','2021-06-07 07:46:16'),(20,'Apple iPhone XS Max 64GB I Chính hãng VN/A','https://cdn.cellphones.com.vn/media/catalog/product/cache/7/image/9df78eab33525d08d6e5fb8d27136e95/i/p/iphone_xs_max_64gb.jpg',55,NULL,2,1,0,NULL,NULL,0,0,'apple-iphone-xs-max-64-gb-chinh-hang-vn','2021-06-12 08:20:32'),(21,'iPhone 7 Plus 128GB I Chính hãng VN/A ','https://cdn.cellphones.com.vn/media/catalog/product/cache/7/image/9df78eab33525d08d6e5fb8d27136e95/i/p/iphone-7-plus_5_.jpg',54,NULL,2,1,1,NULL,NULL,0,0,'iphone-7-plus-128-gb-cty-vn','2021-06-09 01:19:02'),(22,'Điện thoại Samsung Galaxy A52 5G','https://cdn.tgdd.vn/Products/Images/42/235440/samsung-galaxy-a52-5g-thumb-black-600x600-600x600.jpg',56,NULL,1,1,1,NULL,NULL,3,0,'samsung-galaxy-a52-5g','2021-06-05 12:28:45'),(23,'Điện thoại Samsung Galaxy A52 (8GB/256GB)','https://cdn.tgdd.vn/Products/Images/42/236085/samsung-galaxy-a52-8gb-256gb-thumb-white-600x600-600x600.jpg',57,NULL,1,1,0,NULL,NULL,0,0,'samsung-galaxy-a52-8gb-256gb','2021-06-11 17:21:51'),(24,'Điện thoại Samsung Galaxy M51','https://cdn.tgdd.vn/Products/Images/42/217536/samsung-galaxy-m51-trang-new-600x600-600x600.jpg',58,NULL,1,1,0,NULL,NULL,0,0,'samsung-galaxy-m51','2021-06-11 08:18:12'),(25,'Điện thoại Samsung Galaxy A52 (8GB/128GB) ','https://cdn.tgdd.vn/Products/Images/42/228967/samsung-galaxy-a52-8gb-256gb-thumb-violet-600x600-600x600.jpg',59,NULL,1,1,0,NULL,NULL,1,0,'samsung-galaxy-a52','2021-06-04 20:20:40'),(26,'Điện thoại Samsung Galaxy A51 (6GB/128GB) ','https://cdn.tgdd.vn/Products/Images/42/211570/samsung-galaxy-a51-silver-600x600.jpg',60,NULL,1,1,0,NULL,NULL,0,0,'samsung-galaxy-a51','2021-06-15 11:43:52'),(27,'Điện thoại Samsung Galaxy A32 ','https://cdn.tgdd.vn/Products/Images/42/234315/samsung-galaxy-a32-4g-thumb-tim-600x600-600x600.jpg',61,NULL,1,1,0,NULL,NULL,0,0,'samsung-galaxy-a32-4g','2021-06-04 04:32:35'),(28,'Điện thoại Samsung Galaxy A21s (6GB/64GB)','https://cdn.tgdd.vn/Products/Images/42/219314/samsung-galaxy-a21s-xanh-600x600-1-600x600.jpg',62,NULL,1,1,0,NULL,NULL,0,0,'samsung-galaxy-a21s','2021-06-13 18:26:29'),(29,'Điện thoại Samsung Galaxy A31 ','https://cdn.tgdd.vn/Products/Images/42/216174/samsung-galaxy-a31-trang-new-600x600-600x600.jpg',63,NULL,1,1,0,NULL,NULL,0,0,'samsung-galaxy-a31','2021-06-11 13:29:53'),(30,'Điện thoại Samsung Galaxy A12 (6GB/128GB)','https://cdn.tgdd.vn/Products/Images/42/232364/samsung-galaxy-a12-trang-600x600.jpg',64,NULL,1,1,0,NULL,NULL,0,0,'samsung-galaxy-a12-6gb','2021-06-13 19:05:10'),(31,'Điện thoại Samsung Galaxy A20s 64GB','https://cdn.tgdd.vn/Products/Images/42/204404/samsung-galaxy-a20s-den-600x600.jpg',65,NULL,1,1,0,NULL,NULL,0,0,'samsung-galaxy-a20s','2021-06-03 13:51:23'),(32,'Điện thoại Itel it9200 4G','https://cdn.tgdd.vn/Products/Images/42/232657/itel-it9200-xanh-600x600-1-600x600.jpg',66,NULL,67,1,0,'2021-06-21 05:46:59',34,1,0,'dien-thoai-itel-it9200-4g','2021-06-01 13:51:23'),(35,'Điện thoại OPPO Reno5 ','/upload/images/dien-thoai-oppo-reno5.jpg',69,NULL,22,1,0,NULL,25,12,1,'dien-thoai-oppo-reno5','2021-06-20 03:47:54'),(39,'Điện thoại Mobell P41','https://cdn.tgdd.vn/Products/Images/42/228515/mobell-p41-den-new-600x600-600x600.jpg',79,78,32,1,0,'2021-06-23 15:16:05',35,6,0,'dien-thoai-mobell-p41','2021-06-21 05:10:29');
/*!40000 ALTER TABLE `product` ENABLE KEYS */;
UNLOCK TABLES;

--
-- Table structure for table `product_img`
--

DROP TABLE IF EXISTS `product_img`;
/*!40101 SET @saved_cs_client     = @@character_set_client */;
/*!50503 SET character_set_client = utf8mb4 */;
CREATE TABLE `product_img` (
  `img_id` int NOT NULL AUTO_INCREMENT,
  `product_id` int NOT NULL,
  `url` varchar(200) DEFAULT NULL,
  PRIMARY KEY (`img_id`,`product_id`),
  KEY `FK_img_product_idx` (`product_id`),
  CONSTRAINT `FK_img_product` FOREIGN KEY (`product_id`) REFERENCES `product` (`product_id`)
) ENGINE=InnoDB AUTO_INCREMENT=19 DEFAULT CHARSET=utf8mb4 COLLATE=utf8mb4_0900_ai_ci;
/*!40101 SET character_set_client = @saved_cs_client */;

--
-- Dumping data for table `product_img`
--

LOCK TABLES `product_img` WRITE;
/*!40000 ALTER TABLE `product_img` DISABLE KEYS */;
INSERT INTO `product_img` VALUES (1,1,'https://cdn.tgdd.vn/Products/Images/42/228999/Slider/vi-vn-samsung-galaxy-a02-tongquan-slider.jpg\n'),(2,1,'https://cdn.tgdd.vn/Products/Images/42/228999/Slider/vi-vn-samsung-galaxy-a02-thietke-slider.jpg\n'),(3,1,'https://cdn.tgdd.vn/Products/Images/42/228999/Slider/vi-vn-samsung-galaxy-a02-manhinh-slider.jpg'),(4,4,'https://cdn.tgdd.vn/Products/Images/42/213031/Slider/-iphone-12-02.jpg'),(5,4,'https://cdn.tgdd.vn/Products/Images/42/213031/Slider/vi-vn-iphone-12-1.jpg'),(6,4,'https://cdn.tgdd.vn/Products/Images/42/213031/Slider/vi-vn-iphone-12-3-(2).jpg'),(7,4,'https://cdn.tgdd.vn/Products/Images/42/213031/Slider/vi-vn-iphone-12-5.jpg'),(8,35,'https://cdn.tgdd.vn/Products/Images/42/220438/Slider/oppo-reno5-slider-tongquan1-780x433.jpg'),(9,35,'https://cdn.tgdd.vn/Products/Images/42/220438/Slider/vi-vn-oppo-reno5-sacnhanh.jpg'),(10,35,'https://cdn.tgdd.vn/Products/Images/42/220438/Slider/oppo-reno5-slidercopy-780x433.jpg'),(12,32,'https://cdn.tgdd.vn/Products/Images/42/232657/Slider/vi-vn-itel-it9200-camera--slider.jpg'),(13,32,'https://cdn.tgdd.vn/Products/Images/42/232657/Slider/vi-vn-itel-it9200-thietke-slider.jpg'),(14,32,'https://cdn.tgdd.vn/Products/Images/42/220438/Slider/vi-vn-oppo-reno5-sacnhanh.jpg'),(15,39,'https://cdn.tgdd.vn/Products/Images/42/228515/Slider/vi-vn--mobell-p41-slider-fix-1.jpg'),(16,39,'https://cdn.tgdd.vn/Products/Images/42/228515/Slider/-mobell-p41-slider-2.jpg'),(17,39,'https://cdn.tgdd.vn/Products/Images/42/228515/Slider/mobell-p41-121120-0402290.jpg'),(18,39,'https://cdn.tgdd.vn/Products/Images/42/228515/Slider/-mobell-p41-slider-5.jpg');
/*!40000 ALTER TABLE `product_img` ENABLE KEYS */;
UNLOCK TABLES;

--
-- Table structure for table `product_spec`
--

DROP TABLE IF EXISTS `product_spec`;
/*!40101 SET @saved_cs_client     = @@character_set_client */;
/*!50503 SET character_set_client = utf8mb4 */;
CREATE TABLE `product_spec` (
  `spec_id` int NOT NULL AUTO_INCREMENT,
  `display_tech` varchar(15) CHARACTER SET utf8 COLLATE utf8_general_ci DEFAULT NULL,
  `display_res` varchar(50) DEFAULT NULL,
  `size` varchar(15) DEFAULT NULL,
  `freq` varchar(15) DEFAULT NULL,
  `nit` varchar(15) DEFAULT NULL,
  `backcamera_res` varchar(50) DEFAULT NULL,
  `backcamera_video` varchar(20) DEFAULT NULL,
  `backcamera_func` varchar(100) CHARACTER SET utf8 COLLATE utf8_general_ci DEFAULT NULL,
  `frontcamera_res` varchar(50) DEFAULT NULL,
  `frontcamera_video` varchar(20) DEFAULT NULL,
  `frontcamera_func` varchar(100) CHARACTER SET utf8 COLLATE utf8_general_ci DEFAULT NULL,
  `os` varchar(20) DEFAULT NULL,
  `cpu` varchar(20) CHARACTER SET utf8 COLLATE utf8_general_ci DEFAULT NULL,
  `cpu_speed` varchar(50) CHARACTER SET utf8 COLLATE utf8_general_ci DEFAULT NULL,
  `gpu` varchar(20) CHARACTER SET utf8 COLLATE utf8_general_ci DEFAULT NULL,
  `ram` varchar(10) CHARACTER SET utf8 COLLATE utf8_general_ci DEFAULT NULL,
  `rom` varchar(10) CHARACTER SET utf8 COLLATE utf8_general_ci DEFAULT NULL,
  `mobileinternet` varchar(20) CHARACTER SET utf8 COLLATE utf8_general_ci DEFAULT NULL,
  `sim` varchar(50) CHARACTER SET utf8 COLLATE utf8_general_ci DEFAULT NULL,
  `wifi` varchar(50) CHARACTER SET utf8 COLLATE utf8_general_ci DEFAULT NULL,
  `gps` varchar(50) CHARACTER SET utf8 COLLATE utf8_general_ci DEFAULT NULL,
  `bluetooth` varchar(50) CHARACTER SET utf8 COLLATE utf8_general_ci DEFAULT NULL,
  `chargeport` varchar(20) CHARACTER SET utf8 COLLATE utf8_general_ci DEFAULT NULL,
  `jackport` varchar(20) CHARACTER SET utf8 COLLATE utf8_general_ci DEFAULT NULL,
  `otherport` varchar(50) CHARACTER SET utf8 COLLATE utf8_general_ci DEFAULT NULL,
  `pin_type` varchar(20) CHARACTER SET utf8 COLLATE utf8_general_ci DEFAULT NULL,
  `pin_cap` varchar(20) CHARACTER SET utf8 COLLATE utf8_general_ci DEFAULT NULL,
  `pin_tech` varchar(100) CHARACTER SET utf8 COLLATE utf8_general_ci DEFAULT NULL,
  `pin_watt` varchar(20) CHARACTER SET utf8 COLLATE utf8_general_ci DEFAULT NULL,
  `ip_xx` varchar(20) CHARACTER SET utf8 COLLATE utf8_general_ci DEFAULT NULL,
  `design_lang` varchar(50) CHARACTER SET utf8 COLLATE utf8_general_ci DEFAULT NULL,
  `design_material` varchar(100) CHARACTER SET utf8 COLLATE utf8_general_ci DEFAULT NULL,
  `weight` varchar(10) CHARACTER SET utf8 COLLATE utf8_general_ci DEFAULT NULL,
  `released_date` date DEFAULT NULL,
  `other_tech` varchar(200) CHARACTER SET utf8 COLLATE utf8_general_ci DEFAULT NULL,
  `description` text,
  PRIMARY KEY (`spec_id`)
) ENGINE=InnoDB AUTO_INCREMENT=36 DEFAULT CHARSET=utf8mb4 COLLATE=utf8mb4_0900_ai_ci;
/*!40101 SET character_set_client = @saved_cs_client */;

--
-- Dumping data for table `product_spec`
--

LOCK TABLES `product_spec` WRITE;
/*!40000 ALTER TABLE `product_spec` DISABLE KEYS */;
INSERT INTO `product_spec` VALUES (1,'PLS TFT LCD','HD+ (720 x 1600 Pixels)','6.5\'\'','60Hz',NULL,'Chính 13 MP & Phụ 2 MP','FullHD 1080p@30fps','Chạm lấy nét, Siêu cận (Macro), Xóa phông, Làm đẹp, Nhận diện khuôn mặt, Tự động lấy nét (AF)','5MP','','Nhận diện khuôn mặt, Retina Flash, Xóa phông, Làm đẹp, Tự động lấy nét (AF), Quay video Full HD','Android 10','MediaTek MT6739W','4 nhân 1.5 GHz','IMG PowerVR GE8100','3GB','32GB','4G','2 Nano SIM','Wi-Fi 802.11 b/g/n','A-GPSGLONASS','v5.0','Micro USB','3.5mm',NULL,'Li-on','5000 mAh','Tiết kiệm pin','7.8W',NULL,'Nguyên khối','Khung & Mặt lưng nhựa','206 g','2021-02-02','Chặn tin nhắn, Chặn cuộc gọi','<h3>Samsung bổ sung thêm tùy chọn smartphone trong phân khúc giá rẻ mang tên Galaxy A02, máy trang bị một cấu hình ổn định cùng mức pin khủng 5000 mAh cho thời lượng vượt trội trong tầm giá mang đến bạn nhiều trải nghiệm thú vị hơn. </h3> <h3>Gọn nhẹ với nhiều sắc màu thời trang</h3> <p>Galaxy A02 dùng chất liệu nhựa đặc trưng với những gam màu trẻ trung bắt mắt, mang đến một thiết bị có trọng lượng nhẹ, thoải mái cho bạn cầm nắm hay mang đi, thuận tiện trong thao tác hàng ngày.</p> <p> <img title=\"Samsung Galaxy A02 | Thiết kế gọn nhẹ cầm nắm thoải mái\" class=\"ls-is-cached lazyloaded\" data-src=\"https://cdn.tgdd.vn/Products/Images/42/228999/samsung-galaxy-a02-007.jpg\" alt=\"Samsung Galaxy A02 | Thiết kế gọn nhẹ cầm nắm thoải mái\" src=\"https://cdn.tgdd.vn/Products/Images/42/228999/samsung-galaxy-a02-007.jpg\" /> </p> <p> Mặt lưng của Galaxy A02 không bị đơn điệu mà trở nên mạnh mẽ cá tính hơn với những đường vân nổi carbon. Thiết kế này còn giúp bạn cầm nắm được bám tay, chống đánh rơi do trơn tuột, đồng thời hạn chế lưu lại dấu vân tay trên bề mặt. </p> <p> <img title=\"Samsung Galaxy A02 | Mặt lưng mạnh mẽ cá tính hơn với những đường vân nổi carbon\" class=\"ls-is-cached lazyloaded\" data-src=\"https://cdn.tgdd.vn/Products/Images/42/228999/samsung-galaxy-a02-001-1.jpg\" alt=\"Samsung Galaxy A02 | Mặt lưng mạnh mẽ cá tính hơn với những đường vân nổi carbon\" src=\"https://cdn.tgdd.vn/Products/Images/42/228999/samsung-galaxy-a02-001-1.jpg\" /> </p> <p> Tương tự thế hệ tiền nhiệm <a title=\"Tham khảo điện thoại Samsung Galaxy A01 chính hãng tại Thế Giới Di Động\" href=\"https://www.thegioididong.com/dtdd/samsung-galaxy-a01\" target=\"_blank\" rel=\"noopener\">Samsung Galaxy A01</a>, A02 vẫn sẽ có cụm camera kép và đèn flash đặt dọc ở góc trái cùng logo Samsung quen thuộc. </p> <h3>Cấu hình đáp ứng tốt các nhu cầu cơ bản</h3> <p>Trang bị vi xử lý MediaTek MT6739W, Galaxy A02 có cấu hình không quá nổi bật nhưng vẫn đủ đáp ứng tốt các nhu cầu cơ bản như lướt web đọc tin tức, xem phim và giải trí với những tựa game nhẹ như: Subway Surfer hay xếp kim cương.</p> <p> <img title=\"Samsung Galaxy A02 | Trang bị vi xử lý MediaTek MT6739W\" class=\"ls-is-cached lazyloaded\" data-src=\"https://cdn.tgdd.vn/Products/Images/42/228999/samsung-galaxy-a02-004-1.jpg\" alt=\"Samsung Galaxy A02 | Trang bị vi xử lý MediaTek MT6739W\" src=\"https://cdn.tgdd.vn/Products/Images/42/228999/samsung-galaxy-a02-004-1.jpg\" /> </p> <p> Mức <a title=\"Tham khảo các mẫu smartphone có dung lượng RAM dưới 4 GB cho nhu cầu cơ bản, giá rẻ tại Thegioididong.com\" href=\"https://www.thegioididong.com/dtdd-ram-duoi-4gb\" target=\"_blank\" rel=\"noopener\" type=\"Tham khảo các mẫu smartphone có dung lượng RAM dưới 4 GB cho nhu cầu cơ bản, giá rẻ tại Thegioididong.com\" > RAM 3 GB </a> khá ổn để bạn có thể đa nhiệm và chuyển đổi giữa các ứng dụng mượt mà. Bên cạnh đó, <a title=\"Tham khảo giá smartphone giá rẻ có bộ nhớ trong từ 32 GB đến 64 GB tai Thegioididong.com\" href=\"https://www.thegioididong.com/dtdd-rom-32-den-64gb\" target=\"_blank\" rel=\"noopener\" type=\"Tham khảo giá smartphone giá rẻ có bộ nhớ trong từ 32 GB đến 64 GB tai Thegioididong.com\" > bộ nhớ trong 32 GB </a> hỗ trợ thêm thẻ nhớ ngoài, sẵn sàng đáp ứng tốt nhu cầu lưu trữ của bạn mọi lúc mọi nơi. </p> <p> <img title=\"Samsung Galaxy A02 | Hỗ trợ thẻ nhớ ngoài\" class=\"ls-is-cached lazyloaded\" data-src=\"https://cdn.tgdd.vn/Products/Images/42/228999/samsung-galaxy-a02-003.jpg\" alt=\"Samsung Galaxy A02 | Hỗ trợ thẻ nhớ ngoài\" src=\"https://cdn.tgdd.vn/Products/Images/42/228999/samsung-galaxy-a02-003.jpg\" /> </p> <h3>Pin 5000 mAh thời lượng ấn tượng</h3> <p> Pin chính là điểm nâng cấp mạnh mẽ nhất của Galaxy A02 khi tăng từ 3000 mAh của Galaxy A01 lên đến 5000 mAh. Với thời lượng pin này, máy có thể hoạt động xuyên suốt qua tận ngày tiếp theo, cho bạn tha hồ lướt web hay thỏa thích xem phim, gọi điện không bị gián đoạn. </p> <p> <a class=\"preventdefault\" href=\"https://www.thegioididong.com/images/42/228999/samsung-galaxy-a02-005.jpg\" onclick=\"return false;\"> <img title=\"Samsung Galaxy A02 | Pin dung lượng lớn 5000 mAh\" class=\"lazyloaded\" data-src=\"https://cdn.tgdd.vn/Products/Images/42/228999/samsung-galaxy-a02-005.jpg\" alt=\"Samsung Galaxy A02 | Pin dung lượng lớn 5000 mAh\" src=\"https://cdn.tgdd.vn/Products/Images/42/228999/samsung-galaxy-a02-005.jpg\" /> </a> </p> <h3>Màn hình giải trí siêu rộng.</h3> <p> Không chỉ ấn tượng về dung lượng pin khủng, Galaxy A02 còn sở hữu màn hình 6.5 inch siêu to <a title=\"Tham khảo giá điện thoại smartphone tràn viền mỏng tại Thegioididong.com\" href=\"https://www.thegioididong.com/dtdd-man-hinh-tran-vien\" target=\"_blank\" rel=\"noopener\" type=\"Tham khảo giá điện thoại smartphone tràn viền mỏng tại Thegioididong.com\" > viền mỏng </a> với thiết kế camera giọt nước, màn hình máy có độ phân giải HD+ kèm tấm nền PLS TFT LCD cho góc nhìn rộng và cải thiện chất lượng màu sắc và hình ảnh. </p> <p> <a class=\"preventdefault\" href=\"https://www.thegioididong.com/images/42/228999/samsung-galaxy-a02-006.jpg\" onclick=\"return false;\"> <img title=\"Samsung Galaxy A02 | Màn hình 6.5 inch\" class=\"lazyloaded\" data-src=\"https://cdn.tgdd.vn/Products/Images/42/228999/samsung-galaxy-a02-006.jpg\" alt=\"Samsung Galaxy A02 | Màn hình 6.5 inch\" src=\"https://cdn.tgdd.vn/Products/Images/42/228999/samsung-galaxy-a02-006.jpg\" /> </a> </p> <p>Tuy không quá sắc nét, nhưng bạn sẽ có một màn hình rộng đủ rộng để hiển thị nhiều nội dung hơn với màu sắc và độ sáng tương đối tốt trong tầm giá.</p> <h3>Thể hiện sự sáng tạo với cụm camera kép</h3> <p> Galaxy A02 không có sự thay đổi về camera so với phiên bản tiền nhiệm, máy vẫn sẽ trang bị cụm camera kép gồm camera chính 13 MP và camera phụ 2 MP, hỗ trợ chụp ảnh chân dung lẫn chụp ảnh <a title=\"Tham khảo các dòng điện thoại có camera hỗ trợ chụp siêu cận macro tại Thegioididong.com\" href=\"https://www.thegioididong.com/dtdd-camera-macro\" target=\"_blank\" rel=\"noopener\" type=\"Tham khảo các dòng điện thoại có camera hỗ trợ chụp siêu cận macro tại Thegioididong.com\" > siêu cận macro </a> thời thượng, để bạn thỏa sức chụp và lưu lại những điều thú vị xung quanh. </p> <p> <a class=\"preventdefault\" href=\"https://www.thegioididong.com/images/42/228999/samsung-galaxy-a02-002.jpg\" onclick=\"return false;\"> <img title=\"Samsung Galaxy A02 | Cụm camera kép gồm camera chính 13 MP và camera phụ 2 MP\" class=\"lazyloaded\" data-src=\"https://cdn.tgdd.vn/Products/Images/42/228999/samsung-galaxy-a02-002.jpg\" alt=\"Samsung Galaxy A02 | Cụm camera kép gồm camera chính 13 MP và camera phụ 2 MP\" src=\"https://cdn.tgdd.vn/Products/Images/42/228999/samsung-galaxy-a02-002.jpg\" /> </a> </p> <p>Camera selfie 5 MP hỗ trợ chụp ảnh selfie và gọi video call với chất lượng cao, hỗ trợ các công cụ chỉnh sửa ảnh nhẹ, giúp bạn nhanh chóng có những tấm hình đẹp để chia sẻ hay làm hình đại diện trên mạng xã hội.</p> <p> <a class=\"preventdefault\" href=\"https://www.thegioididong.com/images/42/228999/a5.jpg\" onclick=\"return false;\"> <img title=\"Samsung Galaxy A02 | Camera trước 5 MP hỗ trợ chụp ảnh selfie và gọi video call\" class=\"lazyloaded\" data-src=\"https://cdn.tgdd.vn/Products/Images/42/228999/a5.jpg\" alt=\"Samsung Galaxy A02 | Camera trước 5 MP hỗ trợ chụp ảnh selfie và gọi video call\" src=\"https://cdn.tgdd.vn/Products/Images/42/228999/a5.jpg\" /> </a> </p> <p> Tóm lại, với một màn hình lớn, cấu hình vừa đủ, Galaxy A02 là dòng điện thoại giá rẻ dành cho người dùng cần thời lượng pin khỏe chủ yếu để liên lạc, giải trí cơ bản. Bên cạnh đó, thương hiệu Samsung cùng mức giá tốt chính là yếu tố khiến Galaxy A02 được nhiều người tin tưởng và chọn lựa. </p>'),(22,'OLED','1170 x 2532 Pixels','6.1\"','60 Hz','1200 nits','2 camera 12 MP','4K 2160p@24fps','Ban đêm (Night Mode), Góc rộng (Wide), Góc siêu rộng (Ultrawide), HDR','12 MP','','HDR, Nhãn dán (AR Stickers), Nhận diện khuôn mặt, Quay chậm (Slow Motion), Quay video 4K','iOS 14','Apple A14 Bionic','2 nhân 3.1 GHz & 4 nhân 1.8 GHz','Apple GPU 4 nhân','4GB','64 GB','5G','1 Nano SIM & 1 eSIM','Dual-band (2.4 GHz/5 GHz)','A-GPS, BDS','A2DP, v5.0','Lightning','Lightning','OTG','Li-on','2815 mAh','Sạc không dây, Sạc không dây MagSafe, Sạc pin nhanh','20W','IP68','Nguyên khối','Khung nhôm & Mặt lưng kính cường lực','164 g','2020-10-10','Kháng nước, kháng bụi','<h3> Trong những tháng cuối năm 2020,&nbsp;<a href=\"https://www.thegioididong.com/apple\" target=\"_blank\" title=\"Tham khảo sản phẩm chính hãng của Apple tại Thế Giới Di Động\">Apple</a>&nbsp;đã chính thức giới thiệu đến người dùng cũng như iFan thế hệ iPhone&nbsp;12&nbsp;series&nbsp;mới với hàng loạt tính năng bứt phá, thiết kế được lột xác hoàn toàn, hiệu năng đầy mạnh mẽ và một trong số đó chính là&nbsp; <a href=\"https://www.thegioididong.com/dtdd/iphone-12\" target=\"_blank\" title=\"Tham khảo điện thoại iPhone 12 chính hãng tại Thế Giới Di Động\">iPhone 12 64GB</a>. </h3> <h3>Hiệu năng vượt xa mọi giới hạn</h3> <p> Apple đã trang bị con chip mới nhất của hãng (tính đến 11/2020) cho iPhone 12 đó là&nbsp; <a href=\"https://www.thegioididong.com/hoi-dap/tim-hieu-ve-chip-apple-a14-bionic-tren-iphone-12-va-ipad-1290695\" target=\"_blank\" title=\"Tìm hiểu chip A14 Bionic là gì?\">A14 Bionic</a>, được sản xuất trên tiến trình 5 nm với hiệu suất ổn định hơn so với chip A13 được trang bị trên phiên bản tiền nhiệm&nbsp; <a href=\"https://www.thegioididong.com/dtdd/iphone-11\" target=\"_blank\" title=\"Tham khảo điện thoại iPhone 11 chính hãng tại Thế Giới Di Động\">iPhone 11</a>. </p> <p> <a class=\"preventdefault\" href=\"https://www.thegioididong.com/images/42/213031/iphone-12-144220-044259.jpg\" onclick=\"return false;\"> <img alt=\"Chip A14 Bionic mạnh mẽ | iPhone 12\" data-src=\"https://cdn.tgdd.vn/Products/Images/42/213031/iphone-12-144220-044259.jpg\" class=\"ls-is-cached lazyloaded\" title=\"Chip A14 Bionic mạnh mẽ | iPhone 12\" src=\"https://cdn.tgdd.vn/Products/Images/42/213031/iphone-12-144220-044259.jpg\" /> </a> </p> <p> Xem thêm:&nbsp; <a href=\"https://www.thegioididong.com/hoi-dap/tim-hieu-ve-chip-apple-a14-bionic-tren-iphone-12-va-ipad-1290695\" target=\"_blank\" title=\"Tìm hiểu về chip Apple A14 Bionic trên iPhone 12 và iPad Air 2020\"> Tìm hiểu về chip Apple A14 Bionic trên iPhone 12 và iPad Air 2020 </a> </p> <p>Với CPU Apple A14 Bionic, bạn có thể dễ dàng trải nghiệm mọi tựa game với những pha chuyển cảnh mượt mà hay hàng loạt hiệu ứng đồ họa tuyệt đẹp ở mức đồ họa cao mà không lo tình trạng giật lag.</p> <p> <a class=\"preventdefault\" href=\"https://www.thegioididong.com/images/42/213031/iphone-12-18.jpg\" onclick=\"return false;\"> <img alt=\"Chiến game siêu mượt, đồ họa tuyệt đẹp | iPhone 12\" data-src=\"https://cdn.tgdd.vn/Products/Images/42/213031/iphone-12-18.jpg\" class=\"ls-is-cached lazyloaded\" title=\"Chiến game siêu mượt, đồ họa tuyệt đẹp | iPhone 12\" src=\"https://cdn.tgdd.vn/Products/Images/42/213031/iphone-12-18.jpg\" /> </a> </p> <p> Chưa hết, Apple còn gây bất ngờ đến người dùng với hệ thống 5G lần đầu tiên được trang bị trên những chiếc <a href=\"https://www.thegioididong.com/dtdd-apple-iphone\" target=\"_blank\" title=\"Tham khảo iPhone kinh doanh tại thegioididong.com\">iPhone</a>, cho tốc độ truyền tải dữ liệu nhanh hơn, ổn định hơn. </p> <p> <a class=\"preventdefault\" href=\"https://www.thegioididong.com/images/42/213031/iphone-12-20.jpg\" onclick=\"return false;\"> <img alt=\"Kết nối 5G truyền tải dữ liệu nhanh chóng | iPhone 12\" data-src=\"https://cdn.tgdd.vn/Products/Images/42/213031/iphone-12-20.jpg\" class=\"ls-is-cached lazyloaded\" title=\"Kết nối 5G truyền tải dữ liệu nhanh chóng | iPhone 12\" src=\"https://cdn.tgdd.vn/Products/Images/42/213031/iphone-12-20.jpg\" /> </a> </p> <p> iPhone 12 sẽ chạy trên hệ điều hành&nbsp; <a href=\"https://www.thegioididong.com/hoi-dap/ios-14-va-5-tinh-nang-moi-thu-vi-khong-the-bo-qua-tren-1268933\" target=\"_blank\" title=\"Tìm hiểu thêm những tính năng trên iOS 14\">iOS 14</a>&nbsp;với nhiều tính năng hấp dẫn như hỗ trợ Widget cũng như những nâng cấp tối ưu phần mềm đáng kể mang lại những trải nghiệm thú vị mới lạ đến người dùng. </p> <p> <a class=\"preventdefault\" href=\"https://www.thegioididong.com/images/42/213031/iphone-12-13.jpg\" onclick=\"return false;\"> <img alt=\"Khám phá những tính năng mới hấp dẫn trên iOS 14 | iPhone 12\" data-src=\"https://cdn.tgdd.vn/Products/Images/42/213031/iphone-12-13.jpg\" class=\"lazyloaded\" title=\"Khám phá những tính năng mới hấp dẫn trên iOS 14 | iPhone 12\" src=\"https://cdn.tgdd.vn/Products/Images/42/213031/iphone-12-13.jpg\" /> </a> </p> <h3>Cụm camera không ngừng cải tiến</h3> <p> iPhone 12 được trang bị hệ thống camera kép bao gồm&nbsp;<a href=\"https://www.thegioididong.com/dtdd-camera-goc-rong\" target=\"_blank\" title=\"Tham khảo điện thoại có camera góc rộng tại Thế Giới Di Động\">camera góc rộng</a>&nbsp;và camera siêu rộng có cùng độ phân giải là 12 MP, chế độ ban đêm ( <a href=\"https://www.thegioididong.com/hoi-dap/che-do-chup-dem-night-mode-la-gi-907873\" target=\"_blank\" title=\"Tìm hiểu chế độ chụp đêm Night Mode là gì?\">Night Mode</a>) trên bộ đôi camera này cũng đã được nâng cấp về phần cứng lẫn thuật toán xử lý, khi chụp những bức ảnh thiếu sáng bạn sẽ nhận được kết quả ấn tượng với màu sắc, độ chi tiết rõ nét đáng kinh ngạc. </p> <p> <a class=\"preventdefault\" href=\"https://www.thegioididong.com/images/42/213031/iphone-12-040321-030344.jpg\" onclick=\"return false;\"> <img alt=\"Cụm camera sau| iPhone 12\" data-src=\"https://cdn.tgdd.vn/Products/Images/42/213031/iphone-12-040321-030344.jpg\" class=\"lazyload\" title=\"Cụm camera sau| iPhone 12\" /> </a> </p> <p> Bạn có thể khám phá thêm những tính năng của camera trên iPhone 12 như chế độ smart HDR 3 giúp cân bằng yếu tố ánh sáng trong ảnh, làm nổi bật chi tiết đối tượng và cây cối trong khi vẫn giữ được màu sắc phong phú của bầu trời ngay cả vào buổi trưa nắng gắt. </p> <p> <a class=\"preventdefault\" href=\"https://www.thegioididong.com/images/42/213031/iphone-12-9.jpg\" onclick=\"return false;\"> <img alt=\"Chụp ảnh với tính năng smart HDR 3 sắc nét, chất lượng | iPhone 12\" data-src=\"https://cdn.tgdd.vn/Products/Images/42/213031/iphone-12-9.jpg\" class=\"lazyload\" title=\"Chụp ảnh với tính năng smart HDR 3 sắc nét, chất lượng | iPhone 12\" /> </a> </p> <p>Chế độ chụp chân dung đã tốt nay còn tốt hơn trong việc làm mờ hậu cảnh một cách nghệ thuật để dồn hết sự tập trung vào đối tượng mà bạn muốn chụp.</p> <p> <a class=\"preventdefault\" href=\"https://www.thegioididong.com/images/42/213031/iphone-12-10.jpg\" onclick=\"return false;\"> <img alt=\"Nổi bật chủ thể với tính năng chụp chân dung độc đáo | iPhone 12\" data-src=\"https://cdn.tgdd.vn/Products/Images/42/213031/iphone-12-10.jpg\" class=\"lazyload\" title=\"Nổi bật chủ thể với tính năng chụp chân dung độc đáo | iPhone 12\" /> </a> </p> <p> Bạn sẽ dễ dàng quay video 4K HDR với chuẩn điện ảnh&nbsp; <a href=\"https://www.thegioididong.com/hoi-dap/dolby-vision-la-gi-cac-ung-dung-noi-bat-va-nhung-loai-1226284\" target=\"_blank\" title=\"Tìm hiểu Dolby Vision là gì?\">Dolby Vision</a>&nbsp;và chỉnh sửa ngay trên chiếc điện thoại của mình, bạn có thể đưa video lên TV của bạn để thưởng thức thước phim sắc nét chất lượng cao. </p> <p> <a class=\"preventdefault\" href=\"https://www.thegioididong.com/images/42/213031/iphone-12-11.jpg\" onclick=\"return false;\"> <img alt=\"Quay video chất lượng ngay cả trong điều kiện ánh sáng yếu | iPhone 12\" data-src=\"https://cdn.tgdd.vn/Products/Images/42/213031/iphone-12-11.jpg\" class=\"lazyload\" title=\"Quay video chất lượng ngay cả trong điều kiện ánh sáng yếu | iPhone 12\" /> </a> </p> <p> Sự kết hợp của 2 cảm biến chất lượng này đã tạo nên một hệ thống camera chuyên nghiệp không khác gì những chiếc máy ảnh thực thụ, dễ dàng đem lại những bức hình sắc nét tuyệt đối, độ chi tiết cao và đa dạng chế độ chụp cho người dùng linh hoạt sử dụng. </p> <h3>Ghi dấu ấn về mặt thiết kế</h3> <p>Về ngoại hình iPhone 12 có thiết kế hoài niệm với phần cạnh được làm vuông vức tương tự trên mẫu iPhone 4 thay vì bo cong như iPhone 11.</p> <p> <a class=\"preventdefault\" href=\"https://www.thegioididong.com/images/42/213031/iphone-12-040321-030352.jpg\" onclick=\"return false;\"> <img alt=\" iPhone 12 có thiết kế hoài niệm tương tự iPhone 4 series\" data-src=\"https://cdn.tgdd.vn/Products/Images/42/213031/iphone-12-040321-030352.jpg\" class=\"lazyload\" title=\" iPhone 12 có thiết kế hoài niệm tương tự iPhone 4 series\" /> </a> </p> <p>Ở mặt trước iPhone 12 phần tai thỏ được làm nhỏ gọn hơn và cũng là nơi chứa cảm biến Face ID có thể nhận diện khuôn mặt một cách nhanh chóng và chính xác.</p> <p>Apple còn mang đến cho người một loạt gam màu cá tính, độc đáo trên những chiếc iPhone của mình để người dùng có sự lựa chọn phù hợp với những phong cách khác nhau.</p> <p> <a class=\"preventdefault\" href=\"https://www.thegioididong.com/images/42/213031/iphone-12-17.jpg\" onclick=\"return false;\"> <img alt=\"Sở hữu loạt gam màu cá tính | iPhone 12\" data-src=\"https://cdn.tgdd.vn/Products/Images/42/213031/iphone-12-17.jpg\" class=\"lazyload\" title=\"Sở hữu loạt gam màu cá tính | iPhone 12\" /> </a> </p> <p>iPhone 12 được trang bị màn hình Super Retina XDR OLED tràn viền có kích thước 6.1 inch, cho bạn không gian trải nghiệm lớn cũng như những giây phút giải trí hấp dẫn trên một màn ảnh vô cùng chất lượng.</p> <p> <a class=\"preventdefault\" href=\"https://www.thegioididong.com/images/42/213031/iphone-12-040421-030410.jpg\" onclick=\"return false;\"> <img alt=\"Màn hình Super Retina XDR OLED 6.1 inch | iPhone 12\" data-src=\"https://cdn.tgdd.vn/Products/Images/42/213031/iphone-12-040421-030410.jpg\" class=\"lazyload\" title=\"Màn hình Super Retina XDR OLED 6.1 inch | iPhone 12\" /> </a> </p> <p>Máy được chế tác có độ hoàn thiện cực cao với thiết kế nguyên khối, khung nhôm và mặt sau là kính cường lực cao cấp toát lên vẻ ngoài sang chảnh cũng như mang lại độ hiệu quả an toàn cao mỗi khi sử dụng.</p> <p> <a class=\"preventdefault\" href=\"https://www.thegioididong.com/images/42/213031/iphone-12-041521-031513.jpg\" onclick=\"return false;\"> <img alt=\"Độ hoàn thiện cao, chắc chắn cho thiết bị | iPhone 12\" data-src=\"https://cdn.tgdd.vn/Products/Images/42/213031/iphone-12-041521-031513.jpg\" class=\"lazyload\" title=\"Độ hoàn thiện cao, chắc chắn cho thiết bị | iPhone 12\" /> </a> </p> <p> Mặt trước của iPhone 12 được phủ hoàn toàn bởi lớp kính cường lực Ceramic Shield cứng cáp, được đánh giá là có độ bền cao và cứng cáp hơn hầu hết các loại mặt kính có trên&nbsp; <a href=\"https://www.thegioididong.com/dtdd\" target=\"_blank\" title=\"Tham khảo điện thoại chính hãng tại Thế Giới Di Động\">điện thoại thông minh</a>&nbsp;khác có mặt trên thị trường. </p> <p> <a class=\"preventdefault\" href=\"https://www.thegioididong.com/images/42/213031/iphone-12-040321-030328.jpg\" onclick=\"return false;\"> <img alt=\"Lớp kính cường lực Ceramic Shield | iPhone 12\" data-src=\"https://cdn.tgdd.vn/Products/Images/42/213031/iphone-12-040321-030328.jpg\" class=\"lazyload\" title=\"Lớp kính cường lực Ceramic Shield | iPhone 12\" /> </a> </p> <p> Xem thêm:&nbsp; <a href=\"https://www.thegioididong.com/hoi-dap/mat-kinh-ceramic-shield-tren-iphone-12-la-gi-co-xin-so-nhu-1298900\" target=\"_blank\" title=\"Mặt kính Ceramic Shield trên iPhone 12 là gì? Có xịn sò như quảng cáo?\"> Mặt kính Ceramic Shield trên iPhone 12 là gì? Có xịn sò như quảng cáo? </a> </p> <p>Và để cho thiết bị trở nên hoàn hảo hơn nên không thể thiếu khả năng kháng nước, bụi chuẩn IP68 giúp người dùng yên tâm sử dụng với những buổi đi chơi biển mà không hề lo chiếc máy bị vô nước.</p> <p> <a class=\"preventdefault\" href=\"https://www.thegioididong.com/images/42/213031/iphone-12-2.jpg\" onclick=\"return false;\"> <img alt=\"Kháng nước bụi chuẩn IP68 | iPhone 12\" data-src=\"https://cdn.tgdd.vn/Products/Images/42/213031/iphone-12-2.jpg\" class=\"lazyload\" title=\"Kháng nước bụi chuẩn IP68 | iPhone 12\" /> </a> </p> <h3>Trải nghiệm xuyên suốt, liền mạch cả ngày dài</h3> <p> Để bạn có những giây phút trải nghiệm liền mạch, Apple đã trang bị một viên pin có dung lượng 2815 mAh, tích hợp cho khả năng tiết kiệm pin giúp người dùng có thể giải trí đa phương tiện lên đến 17 giờ và nghe nhạc liên tục lên đến 65 giờ. </p> <p> <a class=\"preventdefault\" href=\"https://www.thegioididong.com/images/42/213031/iphone-12-040321-030358.jpg\" onclick=\"return false;\"> <img alt=\"Dung lượng pin sử dụng đáp ứng đủ một ngày | iPhone 12\" data-src=\"https://cdn.tgdd.vn/Products/Images/42/213031/iphone-12-040321-030358.jpg\" class=\"lazyload\" title=\"Dung lượng pin sử dụng đáp ứng đủ một ngày | iPhone 12\" /> </a> </p> <p> Và không thể thiếu đó chính là tính năng sạc nhanh, iPhone 12 có khả năng&nbsp; <a href=\"https://www.thegioididong.com/dtdd-sac-pin-nhanh\" target=\"_blank\" title=\"Tham khảo điện thoại có sạc pin nhanh tại Thế Giới Di Động\">sạc pin nhanh</a>&nbsp;qua cáp công suất 20 W, chỉ trong vòng 30 phút thì chiếc máy đã có thế sạc được 50% pin. Thêm vào đó là khả năng&nbsp;<a href=\"https://www.thegioididong.com/dtdd-sac-khong-day\" target=\"_blank\" title=\"Tham khảo điện thoại có sạc không dây tại Thế Giới Di Động\">sạc không dây</a>&nbsp;MagSafe vô cùng tiện dụng. </p> <p> <a class=\"preventdefault\" href=\"https://www.thegioididong.com/images/42/213031/iphone-12-16.jpg\" onclick=\"return false;\"> <img alt=\"Sạc nhanh và sạc không dây tiện lợi hữu ích | iPhone 12\" data-src=\"https://cdn.tgdd.vn/Products/Images/42/213031/iphone-12-16.jpg\" class=\"lazyload\" title=\"Sạc nhanh và sạc không dây tiện lợi hữu ích | iPhone 12\" /> </a> </p> <p> Xem thêm:&nbsp; <a href=\"https://www.thegioididong.com/hoi-dap/cong-nghe-magsafe-magsafe-2-la-gi-co-tren-thiet-bi-nao-cua-1241888\" target=\"_blank\" title=\"MagSafe trên iPhone 12 là gì? Dùng để làm gì trên các thiết bị Apple?\"> MagSafe trên iPhone 12 là gì? Dùng để làm gì trên các thiết bị Apple? </a> </p> <p> Sự lột xác đầy mạnh mẽ lần này của Apple không chỉ gây bất ngờ đến người dùng mà còn đánh dấu một kỷ nguyên mới trong nền phát triển smartphone Apple. Và đây cũng được xem là một trong những bộ series iPhone mà Apple đặt nhiều tâm huyết, mục đích và đầy tính năng mạnh mẽ chưa từng thấy. </p>'),(25,'AMOLED','Full HD+ ','6.43\"','90 Hz','600 nits','Chính 64 MP & Phụ 8 MP, 2 MP, 2 MP','4K 2160p@30fps','AI Camera, Ban đêm (Night Mode)','44 MP','','A.I Camera, HDR','Android 11','Snapdragon 720G','2 nhân 2.3 Ghz & 6 nhân 1.8 Ghz',' Adreno 618','8 GB','128 GB','4G','2 Nano SIM','Dual-band (2.4 GHz/5 GHz)','A-GPS','v5.1','Type-C','3.5 mm','OTG','Li-Po','4310 mAh','Sạc pin nhanh, Tiết kiệm pin','50 W','','Nguyên khối','Nhựa và kính','','2020-12-20','Mở khoá khuôn mặt, Mở khoá vân tay dưới màn hình','<h3 style=\"box-sizing: border-box; margin: 0px 0px 15px; padding: 0px; font-variant-numeric: normal; font-variant-east-asian: normal; font-stretch: normal; font-size: 20px; line-height: 28px; font-family: Arial, Helvetica, sans-serif; color: #333333; outline: none; background-color: #ffffff;\"><a style=\"box-sizing: border-box; margin: 0px; padding: 0px; text-decoration-line: none; transition: all 0.2s ease 0s; color: #2f80ed; font-variant-numeric: normal; font-variant-east-asian: normal; font-stretch: normal; line-height: 18px; outline: none;\" title=\"Tham khảo gi&aacute; điện thoại OPPO Reno5 ch&iacute;nh h&atilde;ng tại Thegioididong.com\" href=\"https://www.thegioididong.com/dtdd/oppo-reno5\" target=\"_blank\" rel=\"noopener\" type=\"Tham khảo gi&aacute; điện thoại OPPO Reno5 ch&iacute;nh h&atilde;ng tại Thegioididong.com\">OPPO Reno5</a>&nbsp;l&agrave; sự kết hợp đầy ấn tượng giữa hiệu năng v&agrave; thiết kế, mang đến cho người d&ugrave;ng một chiếc&nbsp;<a style=\"box-sizing: border-box; margin: 0px; padding: 0px; text-decoration-line: none; transition: all 0.2s ease 0s; color: #2f80ed; font-variant-numeric: normal; font-variant-east-asian: normal; font-stretch: normal; line-height: 18px; outline: none;\" title=\"Tham khảo c&aacute;c mẫu điện thoại, smartphone ch&iacute;nh h&atilde;ng, đang kinh doanh tại Thegioididong.com\" href=\"https://www.thegioididong.com/dtdd\" target=\"_blank\" rel=\"noopener\" type=\"Tham khảo c&aacute;c mẫu điện thoại, smartphone ch&iacute;nh h&atilde;ng, đang kinh doanh tại Thegioididong.com\">điện thoại</a>&nbsp;t&iacute;ch hợp nhiều c&ocirc;ng nghệ camera, sạc pin h&agrave;ng đầu của OPPO trong một mức gi&aacute; tầm trung.</h3>\r\n<h3 style=\"box-sizing: border-box; margin: 0px 0px 15px; padding: 0px; font-variant-numeric: normal; font-variant-east-asian: normal; font-stretch: normal; font-size: 20px; line-height: 28px; font-family: Arial, Helvetica, sans-serif; color: #333333; outline: none; background-color: #ffffff;\">Thiết kế đẹp đậm chất OPPO Reno Series</h3>\r\n<p style=\"box-sizing: border-box; margin: 0px 0px 10px; padding: 0px; margin-block: 0px; text-rendering: geometricprecision; font-size: 16px; line-height: 20px; color: #333333; font-family: Arial, Helvetica, sans-serif; background-color: #ffffff;\">C&oacute; thể n&oacute;i OPPO Reno5 l&agrave; mẫu điện thoại ph&ocirc; diễn được đỉnh cao thiết kế v&agrave; c&ocirc;ng nghệ chế t&aacute;c của&nbsp;<a style=\"box-sizing: border-box; margin: 0px; padding: 0px; text-decoration-line: none; transition: all 0.2s ease 0s; color: #2f80ed;\" title=\"Tham khảo c&aacute;c smartphone OPPO ch&iacute;nh h&atilde;ng tại Thegioididong.com\" href=\"https://www.thegioididong.com/dtdd-oppo\" target=\"_blank\" rel=\"noopener\">OPPO</a>&nbsp;khi bề mặt lưng được phủ lớp Reno Glow với ng&agrave;n tinh thể ph&aacute;t s&aacute;ng si&ecirc;u nhỏ tạo n&ecirc;n hiệu ứng chuyển sắc v&ocirc; c&ugrave;ng h&uacute;t mắt.</p>'),(28,'','','','','','','','','','','','','','','','','','','','','','','','','','','','','','','','','','2021-06-17','','<p><img src=\"../../upload/images/tmp/LNuWof9JBj.jpg\" alt=\"\" width=\"960\" height=\"540\" /></p>'),(34,'TFT LCD','QVGA (240 x 320 Pixels)','2.4\"','','','0.3 MP','','Đèn Flash','VGA (0.3 MP)','','','KaiOS','Spreadtrum SC9820E','1.3 GHz','','512 MB','4 GB','4G','2 Nano SIM','Có',' Có','v4.0','Type-C','3.5 mm','','Li-Ion','1900 mAh','','1.75 W','','Pin rời','Khung & Mặt lưng nhựa','110g','2020-12-16','Radio, Xem phim, Nghe nhạc',''),(35,'IPS LCD','FWVGA+ (480 x 960 Pixels)','5.5\"','','200 nits','5 MP','HD 720p@24fps','Chạm lấy nét, Flash','2 MP','','Quay video HD','Android 8 (Oreo)','MediaTek MT6580A','1.3 GHz','Mali-400 MP2','1 GB','8 GB','3G','2 Nano SIM','Wi-Fi 802.11 a/b/g/n',' A-GPS','v4.0','Micro USB','3.5 mm','',' Li-Ion','3500 mAh','Tiết kiệm pin','5 W','','Pin liền','Khung & Mặt lưng nhựa','169g','2020-09-20','Ghi âm cuộc gọi, Radio','<h3 id=\"docs-internal-guid-4841bcf3-7fff-c039-549d-82b0e0b12c26\" style=\"box-sizing: border-box; margin: 0px 0px 15px; padding: 0px; font-variant-numeric: normal; font-variant-east-asian: normal; font-stretch: normal; font-size: 20px; line-height: 28px; font-family: Arial, Helvetica, sans-serif; color: #333333; outline: none; background-color: #ffffff;\"><a style=\"box-sizing: border-box; margin: 0px; padding: 0px; text-decoration-line: none; transition: all 0.2s ease 0s; color: #2f80ed; font-variant-numeric: normal; font-variant-east-asian: normal; font-stretch: normal; line-height: 18px; outline: none;\" title=\"Tham khảo gi&aacute; điện thoại smartphone Mobell ch&iacute;nh h&atilde;ng\" href=\"https://www.thegioididong.com/dtdd-mobell\" target=\"_blank\" rel=\"noopener\">Mobell</a>&nbsp;thương hiệu di động đến từ \"Đảo quốc sư tử\" Singapore đ&atilde; tung ra chiếc điện thoại&nbsp;<a style=\"box-sizing: border-box; margin: 0px; padding: 0px; text-decoration-line: none; transition: all 0.2s ease 0s; color: #2f80ed; font-variant-numeric: normal; font-variant-east-asian: normal; font-stretch: normal; line-height: 18px; outline: none;\" title=\"Tham khảo gi&aacute; điện thoại Mobell P41 ch&iacute;nh h&atilde;ng\" href=\"https://www.thegioididong.com/dtdd/mobell-p41\" target=\"_blank\" rel=\"noopener\">Mobell P41</a>. D&ugrave; thuộc ph&acirc;n kh&uacute;c&nbsp;<a style=\"box-sizing: border-box; margin: 0px; padding: 0px; text-decoration-line: none; transition: all 0.2s ease 0s; color: #2f80ed; font-variant-numeric: normal; font-variant-east-asian: normal; font-stretch: normal; line-height: 18px; outline: none;\" title=\"Smartphone gi&aacute; rẻ kinh doanh tại Thế Giới Di Động\" href=\"https://www.thegioididong.com/dtdd\" target=\"_blank\" rel=\"noopener\">smartphone gi&aacute; rẻ</a>&nbsp;nhưng m&aacute;y vẫn hứa hẹn đem đến một trải nghiệm mượt m&agrave;, ổn định cho người d&ugrave;ng.</h3>\r\n<p style=\"box-sizing: border-box; margin: 0px 0px 10px; padding: 0px; margin-block: 0px; text-rendering: geometricprecision; font-size: 16px; line-height: 20px; color: #333333; font-family: Arial, Helvetica, sans-serif; background-color: #ffffff;\">Mobell P41 sở hữu thiết kế nguy&ecirc;n khối cứng c&aacute;p v&agrave; bền bỉ, c&aacute;c chi tiết được nh&agrave; sản xuất ho&agrave;n thiện rất tỉ mỉ từ đ&oacute; mang lại sự sang trọng v&agrave; tinh tế cho sản phẩm.</p>\r\n<p style=\"box-sizing: border-box; margin: 0px 0px 10px; padding: 0px; margin-block: 0px; text-rendering: geometricprecision; font-size: 16px; line-height: 20px; color: #333333; font-family: Arial, Helvetica, sans-serif; background-color: #ffffff;\"><img style=\"display: block; margin-left: auto; margin-right: auto;\" src=\"https://cdn.tgdd.vn/Products/Images/42/228515/mobell-p41-800x533.jpg\" alt=\"Mobell P41 sở hữu thiết kế nguy&ecirc;n khối cứng c&aacute;p v&agrave; bền bỉ\" width=\"512\" /></p>\r\n<p style=\"box-sizing: border-box; margin: 0px 0px 10px; padding: 0px; margin-block: 0px; text-rendering: geometricprecision; font-size: 16px; line-height: 20px; color: #333333; font-family: Arial, Helvetica, sans-serif;\">Ph&iacute;a trước l&agrave; m&agrave;n h&igrave;nh IPS LCD 16 triệu m&agrave;u c&oacute; k&iacute;ch thước 5.5 inch cho h&igrave;nh ảnh hiển thị sắc n&eacute;t v&agrave; ch&acirc;n thực, r&otilde; r&agrave;ng ở mọi g&oacute;c nh&igrave;n. Người d&ugrave;ng sẽ c&oacute; những gi&acirc;y ph&uacute;t giải tr&iacute; v&agrave; xem phim tuyệt vời th&ocirc;ng qua chiếc m&agrave;n h&igrave;nh chất lượng n&agrave;y.</p>\r\n<p style=\"box-sizing: border-box; margin: 0px 0px 10px; padding: 0px; margin-block: 0px; text-rendering: geometricprecision; font-size: 16px; line-height: 20px; color: #333333; font-family: Arial, Helvetica, sans-serif;\">Hơn nữa, m&agrave;n h&igrave;nh n&agrave;y c&ograve;n được v&aacute;t cong 2.5D, c&aacute;c thao t&aacute;c cử chỉ vuốt chạm 1 tay trở n&ecirc;n dễ d&agrave;ng thuận tiện hơn bao giờ hết.</p>\r\n<p style=\"box-sizing: border-box; margin: 0px 0px 10px; padding: 0px; margin-block: 0px; text-rendering: geometricprecision; font-size: 16px; line-height: 20px; color: #333333; font-family: Arial, Helvetica, sans-serif; text-align: center;\"><img src=\"/upload/images/dien-thoai-mobell-p41-desciption-0.jpg\" alt=\"\" width=\"512\" height=\"341\" /></p>\r\n<p style=\"box-sizing: border-box; margin: 0px 0px 10px; padding: 0px; margin-block: 0px; text-rendering: geometricprecision; font-size: 16px; line-height: 20px; color: #333333; font-family: Arial, Helvetica, sans-serif;\">Ngo&agrave;i ra, c&aacute;c g&oacute;c được bo cong &ecirc;m &aacute;i cho cảm gi&aacute;c cầm nắm thoải m&aacute;i gi&uacute;p bạn c&oacute; thể dễ d&agrave;ng bỏ vừa t&uacute;i quần mang điện thoại đi khắp mọi nơi m&agrave; kh&ocirc;ng hề xảy ra t&igrave;nh trạng cấn t&uacute;i.</p>\r\n<h3 style=\"box-sizing: border-box; margin: 0px 0px 15px; padding: 0px; font-variant-numeric: normal; font-variant-east-asian: normal; font-stretch: normal; font-size: 20px; line-height: 28px; font-family: Arial, Helvetica, sans-serif; color: #333333; outline: none;\">Camera bắt trọn mọi khoảnh khắc</h3>\r\n<p style=\"box-sizing: border-box; margin: 0px 0px 10px; padding: 0px; margin-block: 0px; text-rendering: geometricprecision; font-size: 16px; line-height: 20px; color: #333333; font-family: Arial, Helvetica, sans-serif;\">Mobell P41 được trang bị camera sau với độ ph&acirc;n giải 5 MP cho ph&eacute;p bạn lấy n&eacute;t bằng cử chỉ to&agrave;n bộ h&igrave;nh ảnh, bắt trọn mọi khoảnh khắc thường ng&agrave;y. B&ecirc;n cạnh đ&oacute;, m&aacute;y sẽ vẫn được trang bị đ&egrave;n flash LED rất hữu &iacute;ch trong điều kiện thiếu s&aacute;ng.</p>\r\n<p style=\"box-sizing: border-box; margin: 0px 0px 10px; padding: 0px; margin-block: 0px; text-rendering: geometricprecision; font-size: 16px; line-height: 20px; color: #333333; font-family: Arial, Helvetica, sans-serif;\">Lưu &yacute;: Cụm camera sau tr&ecirc;n Mobell P41 chỉ hỗ trợ một cảm biến 5 MP ph&iacute;a tr&ecirc;n.</p>\r\n<p style=\"box-sizing: border-box; margin: 0px 0px 10px; padding: 0px; margin-block: 0px; text-rendering: geometricprecision; font-size: 16px; line-height: 20px; color: #333333; font-family: Arial, Helvetica, sans-serif;\"><img style=\"display: block; margin-left: auto; margin-right: auto;\" src=\"/upload/images/dien-thoai-mobell-p41-desciption-1.jpg\" alt=\"\" width=\"512\" height=\"341\" /></p>\r\n<p style=\"box-sizing: border-box; margin: 0px 0px 10px; padding: 0px; margin-block: 0px; text-rendering: geometricprecision; font-size: 16px; line-height: 20px; color: #333333; font-family: Arial, Helvetica, sans-serif;\"><span style=\"background-color: #ffffff;\">Tuy th&ocirc;ng số kh&ocirc;ng qu&aacute; ấn tượng nhưng m&aacute;y vẫn c&oacute; khả năng quay video chất lượng HD 720 lưu giữ những khoảnh khắc quan trọng hằng ng&agrave;y. Camera selfie 2 MP hỗ trợ chế độ l&agrave;m đẹp hứa hẹn cũng sẽ kh&ocirc;ng khiến người d&ugrave;ng phải thất vọng.</span></p>\r\n<h3 style=\"box-sizing: border-box; margin: 0px 0px 15px; padding: 0px; font-variant-numeric: normal; font-variant-east-asian: normal; font-stretch: normal; font-size: 20px; line-height: 28px; font-family: Arial, Helvetica, sans-serif; color: #333333; outline: none;\">Hiệu năng đủ d&ugrave;ng cho c&aacute;c nhu cầu cơ bản hằng ng&agrave;y</h3>\r\n<p style=\"box-sizing: border-box; margin: 0px 0px 10px; padding: 0px; margin-block: 0px; text-rendering: geometricprecision; font-size: 16px; line-height: 20px; color: #333333; font-family: Arial, Helvetica, sans-serif;\">D&ugrave; chỉ được trang bị con chip MediaTek MT6580A 4 nh&acirc;n, tuy kh&ocirc;ng qu&aacute; mạnh nhưng vẫn đảm bảo mang tới cho người d&ugrave;ng một hiệu năng ổn định v&agrave; mượt m&agrave;. Bộ nhớ trong của m&aacute;y chỉ l&agrave; 8 GB, c&oacute; thể mở rộng th&ecirc;m dung lượng th&ocirc;ng qua thẻ nhớ ngo&agrave;i hỗ trợ l&ecirc;n đến 64 GB.</p>\r\n<p style=\"box-sizing: border-box; margin: 0px 0px 10px; padding: 0px; margin-block: 0px; text-rendering: geometricprecision; font-size: 16px; line-height: 20px; color: #333333; font-family: Arial, Helvetica, sans-serif;\"><img style=\"display: block; margin-left: auto; margin-right: auto;\" src=\"https://cdn.tgdd.vn/Products/Images/42/228515/mobell-p41-092120-082143.jpg\" alt=\"Trang bị chip MediaTek MT6580A 4 nh&acirc;n | Mobell P41\" width=\"512\" /></p>\r\n<p style=\"box-sizing: border-box; margin: 0px 0px 10px; padding: 0px; margin-block: 0px; text-rendering: geometricprecision; font-size: 16px; line-height: 20px; color: #333333; font-family: Arial, Helvetica, sans-serif;\"><span style=\"background-color: #ffffff;\">Về phần mềm, Mobell P41 được c&agrave;i đặt sẵn hệ điều h&agrave;nh Android 8 (Oreo). Mọi t&aacute;c vụ hằng ng&agrave;y như lướt web, nghe nhạc hay xem phim th&igrave; m&aacute;y đều đ&aacute;p ứng một c&aacute;ch kh&aacute; nhanh ch&oacute;ng.</span></p>\r\n<h3 style=\"box-sizing: border-box; margin: 0px 0px 15px; padding: 0px; font-variant-numeric: normal; font-variant-east-asian: normal; font-stretch: normal; font-size: 20px; line-height: 28px; font-family: Arial, Helvetica, sans-serif; color: #333333; outline: none;\">Thời lượng pin đủ d&ugrave;ng cho ng&agrave;y d&agrave;i</h3>\r\n<p style=\"box-sizing: border-box; margin: 0px 0px 10px; padding: 0px; margin-block: 0px; text-rendering: geometricprecision; font-size: 16px; line-height: 20px; color: #333333; font-family: Arial, Helvetica, sans-serif;\">Mobell P41 được cung cấp năng lượng bởi vi&ecirc;n pin 3500 mAh mang lại thời lượng sử dụng thoải m&aacute;i cho mọi nhu cầu, c&oacute; thể l&ecirc;n đến 2 ng&agrave;y với nhu cầu d&ugrave;ng th&ocirc;ng thường.</p>\r\n<p style=\"box-sizing: border-box; margin: 0px 0px 10px; padding: 0px; margin-block: 0px; text-rendering: geometricprecision; font-size: 16px; line-height: 20px; color: #333333; font-family: Arial, Helvetica, sans-serif;\"><span style=\"background-color: #ffffff;\">Ngo&agrave;i ra, m&aacute;y hỗ trợ 2 sim 2 s&oacute;ng gi&uacute;p bạn c&oacute; thể li&ecirc;n lạc cho nhiều mục đ&iacute;ch c&ocirc;ng việc, học tập hay với bạn b&egrave; hơn c&ugrave;ng với kết nối FM Radio cho bạn thoải m&aacute;i giải tr&iacute; khi cần.</span></p>');
/*!40000 ALTER TABLE `product_spec` ENABLE KEYS */;
UNLOCK TABLES;

--
-- Table structure for table `role`
--

DROP TABLE IF EXISTS `role`;
/*!40101 SET @saved_cs_client     = @@character_set_client */;
/*!50503 SET character_set_client = utf8mb4 */;
CREATE TABLE `role` (
  `id` int NOT NULL AUTO_INCREMENT,
  `name` varchar(45) NOT NULL,
  PRIMARY KEY (`id`),
  UNIQUE KEY `name_UNIQUE` (`name`)
) ENGINE=InnoDB AUTO_INCREMENT=4 DEFAULT CHARSET=utf8mb4 COLLATE=utf8mb4_0900_ai_ci;
/*!40101 SET character_set_client = @saved_cs_client */;

--
-- Dumping data for table `role`
--

LOCK TABLES `role` WRITE;
/*!40000 ALTER TABLE `role` DISABLE KEYS */;
INSERT INTO `role` VALUES (2,'ADMIN'),(3,'EMPLOYEE'),(1,'USER');
/*!40000 ALTER TABLE `role` ENABLE KEYS */;
UNLOCK TABLES;

--
-- Table structure for table `slide`
--

DROP TABLE IF EXISTS `slide`;
/*!40101 SET @saved_cs_client     = @@character_set_client */;
/*!50503 SET character_set_client = utf8mb4 */;
CREATE TABLE `slide` (
  `id` int NOT NULL AUTO_INCREMENT,
  `image_url` varchar(200) NOT NULL,
  `anchor_url` varchar(200) DEFAULT NULL,
  `title` varchar(100) DEFAULT NULL,
  `index_num` int DEFAULT NULL,
  `display` tinyint DEFAULT NULL,
  PRIMARY KEY (`id`)
) ENGINE=InnoDB AUTO_INCREMENT=5 DEFAULT CHARSET=utf8mb4 COLLATE=utf8mb4_0900_ai_ci;
/*!40101 SET character_set_client = @saved_cs_client */;

--
-- Dumping data for table `slide`
--

LOCK TABLES `slide` WRITE;
/*!40000 ALTER TABLE `slide` DISABLE KEYS */;
INSERT INTO `slide` VALUES (1,'/upload/images/ho-tro-giao-hang-mua-dich-5.png','','Hỗ trợ mùa dịch',1,0),(2,'https://cdn.tgdd.vn/2021/06/banner/euro-samsung-830-300-830x300.png','/hang-dt/samsung.1','Samsung Trên Tay Giảm Đến 6,7 Triệu',2,1),(3,'https://cdn.tgdd.vn/2021/06/banner/830-300-830x300-2.png','','Vivo v21 5G',3,1),(4,'https://cdn.tgdd.vn/2021/06/banner/hotsale-830-300-830x300-1.png','','Hỗ trợ giao hàng mùa dịch',3,1);
/*!40000 ALTER TABLE `slide` ENABLE KEYS */;
UNLOCK TABLES;

--
-- Table structure for table `user`
--

DROP TABLE IF EXISTS `user`;
/*!40101 SET @saved_cs_client     = @@character_set_client */;
/*!50503 SET character_set_client = utf8mb4 */;
CREATE TABLE `user` (
  `id` int NOT NULL AUTO_INCREMENT,
  `username` varchar(20) NOT NULL,
  `password` char(80) NOT NULL,
  `email` varchar(60) DEFAULT NULL,
  `fullname` varchar(100) NOT NULL,
  `join_date` date DEFAULT NULL,
  `disable` tinyint DEFAULT '0',
  `address` varchar(200) NOT NULL,
  `city` varchar(20) DEFAULT NULL,
  `phone` varchar(15) NOT NULL,
  `role_id` int NOT NULL,
  PRIMARY KEY (`id`),
  UNIQUE KEY `username_UNIQUE` (`username`),
  KEY `FK_user_role_idx` (`role_id`),
  CONSTRAINT `FK_user_role` FOREIGN KEY (`role_id`) REFERENCES `role` (`id`)
) ENGINE=InnoDB AUTO_INCREMENT=4 DEFAULT CHARSET=utf8mb4 COLLATE=utf8mb4_0900_ai_ci;
/*!40101 SET character_set_client = @saved_cs_client */;

--
-- Dumping data for table `user`
--

LOCK TABLES `user` WRITE;
/*!40000 ALTER TABLE `user` DISABLE KEYS */;
INSERT INTO `user` VALUES (1,'tuanpq','$2y$10$5gUv8EDy60WA/DcJkf7yz.b/2FVmHVKHMKGZnayj8iQqLXD0JiQeG','tuan@gmail.com','Pham Quang Tuấn',NULL,0,'10 Ngõ 30 Tạ Quang Bửu, Bách Khoa, quận Hai bà Trưng, Thành phố Hà Nội','hà Nội','0399180808',1),(2,'admin','$2y$10$5gUv8EDy60WA/DcJkf7yz.b/2FVmHVKHMKGZnayj8iQqLXD0JiQeG','tuanquang123321@gmail.com','Pham Quang Tuấn',NULL,0,'10 Ngõ 30 Tạ Quang Bửu, Bách Khoa, quận Hai bà Trưng, Thành phố Hà Nội',NULL,'0399180808',2),(3,'minhnguyen','$2a$10$qV/jAFcJSQOLI7/BMEeVHuba5oDzI/oMtnE1CdaSvDfwVCGcyGTqq','minh@yahoo.com','Nguyen Anh Minh','2021-06-26',0,'No.1 Dai Co Viet Road',NULL,'0399180808',1);
/*!40000 ALTER TABLE `user` ENABLE KEYS */;
UNLOCK TABLES;
/*!40103 SET TIME_ZONE=@OLD_TIME_ZONE */;

/*!40101 SET SQL_MODE=@OLD_SQL_MODE */;
/*!40014 SET FOREIGN_KEY_CHECKS=@OLD_FOREIGN_KEY_CHECKS */;
/*!40014 SET UNIQUE_CHECKS=@OLD_UNIQUE_CHECKS */;
/*!40101 SET CHARACTER_SET_CLIENT=@OLD_CHARACTER_SET_CLIENT */;
/*!40101 SET CHARACTER_SET_RESULTS=@OLD_CHARACTER_SET_RESULTS */;
/*!40101 SET COLLATION_CONNECTION=@OLD_COLLATION_CONNECTION */;
/*!40111 SET SQL_NOTES=@OLD_SQL_NOTES */;

-- Dump completed on 2021-06-30 14:58:03
